1501759,12125478,22574350,94817424,951497651,963774495,971978910,979435627,999559365
1699240,23280387,37417654,62405710,952792636,964584167,975287119,980879070,999246054
12743817,44711104,95513585,209081964,908958148,917733107,926147162,937369505,945735881
35455339,44573096,62319872,220416058,908943750,917263799,925824937,937201123,945416511
51027094,119837471,131125222,541372255,814075805,820527431,832563915,840401231,848563177
69010819,79790478,99465613,350800631,858084334,867603473,883008352,890590251,900485386
109903399,142178573,147842534,689474718,760302921,769564199,781657895,792334885,803821363
124389109,156320932,410722616,677639795,701848215,712005448,723123267,740094341,751123485
262138729,280463770,609563346,619292295,627693188,635197288,640921204,656338196,668213728
468943852,520844662,530577655,552041013,566675239,575790845,584459080,595156047,604484293
32585,7792906,17341106,25027985,68976860,955737727,963105479,974829008,984442587,999778146
145124,8856608,20145296,23242819,41839503,967414560,972553860,977089739,988649206,998697903
240149,11448479,24645889,46099655,96470231,939004545,948471150,956731983,974536024,999249709
376488,7822254,24898473,32480647,82090832,948929128,959729980,963752115,979502270,999625070
744732,8007350,25272134,37834551,45714166,956328478,963254975,978106334,984762059,999587899
767717,13264840,25367226,54264155,84300617,939211032,949835807,956772710,976290766,998946884
782771,8776339,13318013,33191009,90156314,949385291,959875610,963849561,980330823,999554632
850072,16181734,27234498,44003445,58573465,931330960,964076497,973874394,983650296,999340166
857562,9762328,14399337,27850262,85206365,950342370,960016818,967049422,983388220,998018830
933956,15825155,27784293,34087093,56838786,948004382,960390399,973465866,981898654,999884838
1171726,12887421,22433613,44872267,82676717,932446259,954495444,969116728,978931349,999436754
1389973,13883220,24024634,35511335,53204621,953498161,962671540,974520016,980953179,999695391
1699735,16140967,28021161,35706734,60799713,938572361,961593935,974638231,982661516,999471868
1799970,13966552,24534393,36398587,84268353,920469608,963038071,974717924,981844665,996553706
1808167,13254802,26014367,39096706,51588664,945743700,966183799,976151828,981153320,998352770
1848565,14194955,22293459,35809518,49423005,950452207,967837870,975948527,981779330,999119553
2050323,14201945,22642377,35880189,71263117,927749303,968139014,976517626,982025427,997939085
2105980,10342648,19986241,28336644,75446037,951667340,960076770,967396799,984199930,997393557
2446282,8891737,18825288,29210921,50469768,958029009,967317212,979192831,984779090,999246918
2523175,9163825,20516350,31023766,46121892,959301365,968266964,979582925,984914260,997981910
2547706,13107166,23493432,35017396,75383803,946766320,954846625,969235712,981211629,995373112
2568966,13156458,24407226,35158568,83020799,935003117,955687152,970387532,983285603,994293428
2606133,13335727,25698916,47683608,57000720,948044557,958813967,970736273,983395221,992429718
2639873,14351269,23689924,36840058,43162437,951386932,969016343,976554282,983931541,997102749
2668174,13470635,26303833,35278182,97794990,939239844,950174918,957445550,977235412,998676294
2914709,17088487,28203274,36041368,61870741,930823629,962309954,974658305,984373013,998660812
2968809,14211868,26703596,48728841,75230822,944123498,951149570,959012151,979368681,996513035
3246755,14726441,27416168,36872130,43447973,954636904,965171260,975194812,981927407,996512811
3252522,9266876,20781284,23354344,53789429,947333131,974778716,979368937,989429481,998137217
3291069,9615511,21667322,23767632,35387499,960153064,974919632,982145323,989635666,997340901
3416640,10364947,21910669,23989906,44654063,948384758,974969903,982247922,990454772,997003672
3473207,13330646,26243421,40305783,45488024,945851609,967224302,976311163,981518908,997899270
3515588,19599674,28545272,36458585,62150311,923795485,962332726,975515646,987274515,997853391
3541762,15503549,25702883,38942499,78982182,926350322,959961325,974053765,983602355,992210670
3547524,19880212,29252383,37555750,63080562,915631771,964708906,976198346,989545326,997477864
3630924,19777326,27431054,44243740,65141432,917723490,964377109,975148474,983738453,997807391
3675177,15051954,21925477,24748144,35866621,948474571,975539790,982406382,992425305,996886990
3713140,15947215,26309440,51666500,57641220,926720937,962843445,975099437,985672006,992082854
3815657,17688229,27406893,41334901,47166853,940109374,968680792,977369225,982028612,992203517
3920789,11015665,20124236,35243506,65636171,951925727,960500928,968260547,984620817,996150703
4088829,11322698,21321156,36336287,66260043,941969751,961105549,974190726,985604284,995648316
4333619,16177876,22252080,25375150,73063480,908547545,976286823,982585689,992612901,996354199
4468134,21580950,29334965,38627649,78528884,896213203,964720554,978257682,990839828,997192051
4605674,19084490,27625784,47394074,64660196,915099288,968684898,977543186,983138916,991662124
4622725,23131369,29441045,41069463,64668345,906636570,964894140,978816556,991013061,994794527
4655513,14695091,24240162,37814386,43507346,945489167,969071420,978055839,984481233,996451780
4700607,10919051,21880889,31220629,46406411,950101934,971996591,979600589,985195035,997794242
4723937,17107235,22316793,26267315,60247300,918902102,976378233,982904519,993585226,996178854
4905074,11894219,22140070,32281269,39876217,950134364,973621558,980556780,986080557,997680009
4907975,23650158,30001440,41108824,80282285,889733299,964995102,980057657,991213823,993821350
5266664,14711054,27264044,36011119,76452223,945810608,952848530,962875179,981848083,995484514
5292512,20567343,27821114,44904965,59081978,917797754,965362827,975337257,984432058,997103764
5309202,12117973,21917759,30159630,54616324,954900768,961967869,976426667,986642267,994779065
5403488,18610426,22457412,29425898,73742803,899058558,976657222,983537742,994180366,995328005
5678783,19362655,27681801,42435931,56250795,922889339,968901138,978356967,984125403,991229147
5710351,16080187,27373351,41146999,72141204,914857179,964273357,976267474,987311866,991705602
5803648,13680398,22147455,40158069,55763234,925089478,973816291,981674872,986411050,994271478
5844321,21307908,29197834,45015911,62331309,911656355,966237004,976525504,984443556,996406356
5856404,14323198,22289200,34766526,47879596,936240861,974155347,983005856,987399755,993997042
6011022,19433842,22796520,30805872,63620014,901691949,976901490,988202576,994318341,995175243
6126476,20004967,22881949,41257309,51085094,902409540,976999682,988208339,994538532,994870684
6173071,16159111,26000578,38372757,44185076,939125532,969718131,978722655,985087796,995406474
6293648,15815026,27401960,50902948,56729448,945928120,953151962,963601378,982673652,995484324
6353392,15479246,28158476,48503711,57989938,924609076,965281177,975251913,982031507,994457542
6518463,17341696,29113532,42673334,59642208,922022814,966677850,976278718,987901179,990891100
6725894,19907497,30881356,42869071,58533767,915408824,969226543,978455632,984167467,990677743
6819293,15115406,22448711,34845488,42516400,937483984,974510373,983244569,987584824,993537059
6972339,17760729,26874592,44833088,54505175,921052112,970481179,979261680,985206485,992897287
7009480,16297913,29850609,36891498,79267040,935561853,953336248,965890383,984714007,989779012
7278124,16906661,23156830,37380029,48727461,928209280,974682845,983817242,988256864,988475335
7413463,12443890,30544220,44596641,55046630,930478782,962406066,976772007,986673971,993611543
7458901,17827555,31613326,54637112,59684975,902338902,968253620,976766788,988167950,990729060
7589097,12885977,23305727,31141377,69824657,931773491,962751533,978149041,988149211,992967796
7719258,18357788,32812696,44280738,55363048,916795163,968389978,978052440,988921122,989169038
7750317,13066595,23846056,32072732,69929174,932373190,963479257,978279401,988693346,990393029
8003032,21375137,35918439,45449004,82580857,877880825,968049454,977316034,985175283,996158620
8241258,23972220,31066554,41547074,55275958,908523736,965059288,980497594,991243398,992705999
8319173,16722628,31049326,51738184,58171315,936482070,953362730,967519583,984892576,989760639
8913136,17804967,28051778,44897769,54638416,913479265,971605110,979557862,986235832,992871155
9000326,16223989,29135567,49211917,58034547,916448734,966372554,975853484,982932636,994353141
9266209,16861835,33541744,43278265,58197270,937562064,954804676,969623457,985805042,989318321
9327619,20975006,32610632,43089882,78268963,890239157,969302779,979298250,985179150,989046015
9402596,16779501,30349588,41487664,60485010,917644266,968022578,976561423,986045521,991416040
10029616,22661933,37097360,48968469,68432099,882814523,968697654,978410982,985533591,994519294
10482689,18346038,28210300,40424241,81456421,886456595,971669872,980810468,986891566,992837707
10485737,18077498,30360407,42421658,60520468,910935219,970176964,979417298,986191225,990838557
10844118,21836264,33877274,43992342,53628653,929644918,956013981,973769393,986546663,987067168
10932555,18930160,32903029,42494289,50334769,912126616,971503903,979461694,987604425,990804136
11313202,19559668,28588719,40493738,76738541,886736022,973297561,980958671,988523488,992354044
11340103,19119695,33346557,51560989,82148394,868693448,973213546,980285855,988280810,990589115
11999977,22211937,33894434,61262236,78315967,867427054,969733949,979427456,986357761,988644195
12444108,19914740,42643169,52099462,67998480,870654355,973709108,980877343,988288297,989345740
13159684,50932498,59541542,71996834,233148660,895724613,905251598,909552759,923952166,934003182
13412218,23208638,37863435,51867545,62752881,884093381,968784580,979452360,985547658,992999772
13640974,24006089,37903473,56306054,93363942,847715437,969058307,979897306,986638329,990343810
13854329,19751660,30006099,46236237,61714169,886912531,973590630,981274718,991850298,992086456
14064446,24138766,39006915,57036659,85734087,852002167,971739631,980045665,986811860,989213487
14483963,27001458,39444764,57152886,94239753,836926506,972331389,981219136,987208361,988100515
14904094,24067568,32941606,56648760,83629377,849377247,972917982,981574665,991425757,992199479
17898138,49257345,59486285,81021291,144709983,909465842,918041892,930611659,939942911,948758546
21936184,67977824,78413912,88466147,115809549,900740279,907259251,917622185,944550052,955526284
25416284,51132587,72383978,82576546,193197531,896664134,905367181,909994919,924598046,937200864
28345393,53463999,76380588,93604482,170714175,888894484,906473552,911403006,927426906,941054779
28422363,53749691,77362589,112459100,125396578,900234577,906475661,912575102,929468430,952537757
32833870,65269631,74962761,96776177,109171144,780849648,944603934,957040316,964985050,972234861
33107318,46984561,64074976,75008814,111497694,877436550,935541776,943442637,952021258,960824442
33179286,60308298,65804913,75305256,181493711,892676580,902774485,917767367,923303263,945906925
33322854,61513334,73276222,90765478,163002862,897291051,906124304,910062076,925601180,937499920
34003960,53967934,60459930,105713566,187522277,885151910,906744430,913721763,921410533,931206943
34186066,53738972,66328332,75352270,98476381,902960360,922657449,939518891,945688499,959546609
34262089,42705964,69028725,77165911,91109114,892132689,924166045,940307820,960059613,967422203
34790032,53050685,62078783,108728321,155710382,898990505,906274631,910318368,926926174,940569460
34933157,82892866,98998612,105689989,112536894,767415437,933797513,947546615,952610609,961929971
35164696,47523126,62469647,70776947,219870606,886749478,906782834,914599424,921822889,931407374
35328401,55739244,63118988,85611677,184646280,895253176,907382307,915814138,923933978,931703583
35520212,57953390,69700062,92394560,122695095,821397249,927529151,941531646,960911615,967810930
36435379,67255475,77624626,95831623,126334031,900452946,906703121,914431771,930325600,942618085
36887019,63930876,78873800,107972952,127920534,897958523,908341626,916277047,924301532,935317923
37644321,45611121,49240310,79940282,144577366,907489385,917816171,928354996,939471803,948167359
37699388,76486006,85409167,90886233,108466851,838277557,916173511,940010881,950324066,956216485
37720268,45737343,59035831,82264834,127198416,822724011,943137407,949652928,962733330,968978067
37868475,47812434,82326226,94939716,103081513,805870532,943323709,950107415,963410765,969381505
38108674,60400298,70302878,81105189,98341132,910128551,919113808,931041906,940719427,948906349
38139310,52868884,60455981,70706471,147277762,887497637,919351582,931043883,941909006,949991112
38598362,48886249,62282499,82651542,95650565,841793188,943670839,951236393,964144212,970771905
38825083,62391006,70683241,78228770,163310884,895723599,905353139,920129973,925765334,936866913
38841036,65894488,79385805,110650302,128198109,868476784,909982681,920169390,928763781,947691623
39017396,80038276,85782558,91589978,100564215,828783117,924930790,941070308,950676747,956265297
39108389,60753332,71287077,82588422,90697599,900707900,921122004,931751502,942211162,959641329
39122623,68655696,73191274,91220410,112797004,810268084,939854941,945682100,953753094,965348255
39593118,69036233,74688446,80364705,91673405,832787938,940646205,946319709,956796482,966642163
40220845,62752450,71939859,79976622,122929103,896908383,908615229,921723261,942255343,951286880
40621177,50485925,74052728,83212083,134852209,779481568,944405933,955024817,964747853,971413522
40660364,70945907,76860631,83445087,126336342,778115075,943965871,949142870,961849016,967397481
41661024,62234402,71147779,77402376,98510228,875698177,927023882,935960155,944642917,963299320
41688808,55006028,75198071,96925483,106650626,844485697,933175862,942231230,946719719,957912213
42146644,56220730,64159450,76762090,91524333,882227777,925859890,944737822,954230973,961916465
42461192,50215903,64640606,78008068,99313686,869839185,936623798,944817739,950482645,963501214
42640518,65030233,87849165,97826952,121421432,794857049,931146194,945446634,952293070,960833933
43094101,71896903,83273862,99558875,113503649,871085189,914025055,920147655,934454971,947861094
43150839,54998118,72708527,89805303,99595819,884424199,914609645,936657109,948589446,954533093
43663304,50351575,68652775,92610805,118710419,832418577,934923010,945405849,949960376,962761467
43795279,54017138,69419322,79392055,98773186,872950845,925228434,940550164,948075069,967675497
43994986,64098421,75141830,81269160,97772129,883929618,922404465,931317105,944670581,953549141
44139942,58011875,68663631,79934974,106246105,837023504,939338595,946463308,955546036,962380324
44611015,68609454,100885112,106943179,135904010,769046932,928610960,937401621,947705731,959550785
45408805,58573410,70255236,79702573,100565093,839076834,932463674,942279357,961651358,968892553
45458286,63013740,70324628,96729419,100459720,884053258,918055762,927718295,937810011,955824980
45783569,68994749,84540567,101170252,108682213,892540692,911992455,918208689,930201383,937633958
45914498,57646579,69545115,75406719,113666085,821888108,941616228,947862615,957096986,966886103
45976858,88529041,109286999,145447606,211636336,858482722,871713920,881206025,885989902,899178508
46110104,58806656,70101954,82260080,113843385,811503314,942954127,948866865,957692620,966930994
46611117,70203291,84743416,101322315,127582698,853339812,913295774,919601839,930495218,950017650
46772882,55872538,66283742,82750956,170719525,895097009,903128660,918780235,923653605,933828477
46903759,55034393,63589867,74884570,82674676,912416986,923991215,935151879,943134565,960811240
47672410,56980546,61865126,93989554,148461223,895156644,903145007,919227661,924318736,946840257
48513454,55607039,62664145,85058206,174786992,894134833,907160935,914950717,923291144,931445301
48515545,64929328,77037312,87931526,106762117,827875878,933904195,942797947,946897848,960288012
48607668,57630552,65817504,79726671,91545957,864951460,927584094,945891085,954345007,962222807
48908333,57474229,78826598,88713783,98948871,893801640,908132215,919227915,947195393,956823043
48964060,71022152,86582331,101416943,110009074,853348298,914563618,921395161,939184913,951124015
49092888,64998245,77594957,97546298,123240699,799231781,933910736,943161587,947097881,962030207
49280982,80318137,85806957,91650542,119408618,793045424,925443818,942482322,950938645,958607719
49611987,58559599,65829141,90245449,98584239,846397312,934769993,945337969,947931450,962564471
49621742,80475860,86055271,95913648,102819345,803457524,926640562,944449215,951465849,958646667
49956072,57371871,62721341,85799854,129603529,895724063,906931580,921634989,939113052,950743155
50271896,64905031,71811544,78243381,86732302,870205548,929688309,937347459,945087705,964356489
50363456,58043923,79627463,89094868,101097033,885575923,908817801,919902387,947956283,957643791
50405380,56552547,63719476,107713122,142172714,895389351,907408872,916022530,924114845,934465611
50838850,66236682,78411465,86780727,101627669,829227745,929698725,938535397,951971751,964696535
51198485,57736601,88986252,104247401,110516246,883764188,909142188,918137724,928658406,947090132
51319559,73633554,87954325,111682375,137382487,796503064,915514019,930843457,939521655,954208799
51361464,69933299,79970150,124831826,262618549,858667519,874358311,883594982,891685173,901427802
51431346,74931113,89156290,101981344,130408147,797820775,923890622,931468202,940454067,955789733
51445733,108551024,121447379,146811230,233854907,848213398,855418328,868767017,878242676,886820784
51597703,67170967,72874019,80126342,89633153,842963943,930366294,945615823,953050896,964970136
51815267,63325915,73435378,81787544,101758345,884610753,918307457,929089792,938686452,956368684
51905371,64209630,96230163,103015266,113262680,811720519,925327378,932744620,942313030,957680168
52550629,78655713,97065946,104069916,131217442,774649723,926264605,932873428,943069673,957711698
52708281,65988837,79834633,92488037,114090138,884271290,910812012,920540083,929099941,947758751
53309572,63520675,74067674,83890793,121617668,851098355,918411070,929903623,946294711,957252652
53997482,58742197,62923077,80212387,105883238,889511934,921748122,927561338,943702426,953029094
54577120,63671891,74164642,81116456,97011532,883865754,915782687,930429301,943885494,953146412
54605087,100072750,110531337,135102300,176767863,861979560,875966549,881929987,888320894,911998017
54924365,66780399,105716090,114946772,123326454,768542018,927350576,934214114,944874852,958263527
55522792,92137250,98008738,110140797,298924537,850584760,860565585,868457461,878218957,884418558
56850544,74509450,84629016,90474346,116322091,849654761,915564702,922908476,937570631,949151516
58569319,68166751,82402899,95033056,133733775,840529177,912988566,920829868,937865193,947971501
58641804,72199346,78134636,89657483,122220393,815803002,926849298,933608720,945634048,954841189
58972366,88173914,94707308,113722689,260316488,857212484,866071354,879990978,884713348,895841413
60221137,65379631,75300099,91301327,119869593,833290514,922748775,932299321,944912828,954352633
60498449,108463386,121111924,134882333,240435354,847906977,854822177,867326666,878020384,886165226
61418030,93036470,99125915,126624612,271014177,851924969,861121080,868597844,880400182,885096575
62430622,67724393,73956872,99673446,114844713,810617771,929184414,935223944,946312482,957110040
62654016,74729650,83695061,92953351,101701163,810669201,929726319,935617311,946969461,959545350
63636400,70623288,75337078,84687386,120337608,804707056,930700176,937222054,949584671,962852265
64043296,71121466,75417851,93606509,120481177,787828582,930861497,940536738,950969349,962888240
64050821,71599278,76428674,88877978,158536829,747124792,931235033,942291171,953295688,963457549
64299645,72106131,77763147,94732122,130051363,818168984,917000482,926661506,943851377,954596292
64392159,82146604,87491829,96266610,103574689,779122870,929749092,945077708,951766960,959048037
65822737,119263591,128149775,152702624,233844801,836607042,843772914,851597267,866971116,898895509
66474002,73451856,81262065,91342585,113373934,809532584,927084486,934426566,945857941,955231242
66616890,73829022,82555144,96008863,114683320,800707750,927782136,934858869,946105035,956011342
67071927,76479886,101193485,113864360,289659721,852765793,861466599,868898824,880511620,886059956
67172031,80536793,100194969,105897350,133974034,741018714,927726322,935446664,946002982,958925113
69721791,83234509,122264001,133988946,342723568,828231443,841530307,846166935,856976005,874295713
69895782,88342509,98022353,109024836,242397625,857336982,869975865,881196407,885253218,897171905
70371880,74918289,93090588,102788959,129295697,752999249,930538639,935954434,948030453,960429444
71611373,94876990,114953259,140638829,217803621,855191793,863171775,870074223,880749930,887872352
72836967,111582215,117665999,130660566,146513050,796306252,892153624,900773104,911628580,918954852
73274217,117190334,127966493,145393048,154568525,752485008,886710569,896751084,908591718,934062840
73681551,106642603,123728728,147613208,289978170,829875000,842677016,848278387,858277467,879099713
79456118,99693866,113757403,132223942,142724575,828564137,884057751,893284500,908265467,916056588
80253077,103005270,119886328,131147165,148340714,774690633,894522061,901451424,913366812,931152639
81449040,89270014,99552306,110099893,188807093,861074111,874686421,881523100,899723206,910814328
81599182,97811314,108681894,124495162,162663780,867133576,878156334,884351526,891849079,902382002
81675416,112281647,120982523,124973262,143074544,833063935,875530965,891848913,904245828,911273435
82754002,90854418,100354416,121172723,158348801,854423047,882166324,891933747,902627621,913034506
83114874,103231061,111590469,121391556,165208922,824062643,878536435,894171080,902803836,914519932
83926422,94025400,101726852,114077229,253286637,852886013,862135362,869140223,880611752,887798872
83973446,110191152,116051729,129106532,144941241,806532979,887928008,896964876,906948961,915378366
84019071,115411431,121733005,128532896,137562129,797473253,885928371,897530088,906887728,921814320
84070817,104818898,112411658,142881915,159701584,793126636,882879747,895086654,905846328,916598073
84210063,116898340,134974234,140011996,145184890,741862429,894926655,904522559,912148287,923716654
85171296,110736273,116858750,129992801,151983740,794898740,888278779,899351902,907271889,915412876
85578316,92889102,121903080,135262065,223072347,848495893,855956818,869025561,878673129,887051290
85754152,91777316,112648123,143000311,159850151,803522012,883400799,895638772,906410228,916966642
85798860,110371199,125021751,137309005,184859448,849628955,856799919,869068285,878729081,899335848
85985362,94049591,139084199,157519872,170908798,849708352,859288241,870684170,880542725,891128619
86057348,117619332,129068587,135555255,148351395,717258889,889624163,913262557,922542595,939299659
86150745,94984177,103564490,117305026,235141839,855875838,863808496,872901965,881126582,887971251
86714775,95878546,118094498,123288299,199179623,857099405,864776631,873417657,881433671,897141403
86990559,102217612,118160715,165071602,257853300,832495591,842906014,849131207,862261341,881348755
88376114,113507224,139320783,149251837,157980808,843528012,860574599,871587832,880582030,892934834
88479551,107943006,116489679,129097535,153166314,787595896,886767232,898192278,907225441,923959058
88557423,103705749,118756955,152367629,258078511,833909771,843128861,851446860,864275197,882790502
88881346,105901616,119486488,131980602,166609603,857965579,865372654,874027143,890747039,898762867
89094379,107386218,124045197,132966181,144850126,850021616,865512388,876850635,891125956,916041600
89220027,106354892,121999910,137156606,158952767,815014306,880787597,886194015,898162965,906102880
89300586,125652389,143187472,152688388,159718696,701376260,891417176,901527370,913490609,919930398
89661699,106107641,137999232,143282139,152889982,834163956,855665631,884127495,892126201,902270357
90045212,106791009,120744476,143512909,207906010,845766299,854223133,867066587,877764328,885811349
90721393,100347573,111429132,120341564,163067642,862131410,876115291,882163572,889947360,901934672
90758327,104945475,120250192,144097522,217776614,836794629,844693191,854913578,884204377,899372394
91033966,110269211,118229076,137199017,150390927,832917227,870366909,882934883,889715717,915509845
91412887,126214972,132237454,137631222,156155635,762884710,882492315,889223184,901475499,918387943
92010259,111709776,122111976,131775376,140015344,801233726,883627531,893239272,908179642,915977841
92025880,107257535,122946628,132623521,144073834,728812724,903028093,913885845,921169944,932350257
92451258,126512600,132696232,137848490,161206863,724902794,889697508,901614294,911763736,918641468
93811022,114646227,123911869,144212209,153807077,761428180,886372603,894071362,908282266,917034995
94516523,101176334,115098781,154092104,163568020,736371405,886640583,894572613,918668942,934030139
94870042,109075965,124065599,133158275,159735772,698516118,906133380,914487537,922382406,934479058
95012313,108687756,131021512,137233709,141264718,809448108,880921053,888666866,900141119,906521788
95519653,123238269,131332132,137290214,143859711,784601840,881533154,889130318,901423122,909745236
95871108,104222963,117403254,147925515,156069026,716694450,887223798,912692675,922032130,938089242
96403297,109771028,115647802,133666437,161473510,698737741,906501636,914911429,924684665,935393209
96503697,106465321,122827351,154843916,264638352,828551169,841777948,846990302,857957970,877696434
96748516,114098552,121296240,134726578,150428826,796276842,875636975,893457723,905228691,911754003
96774607,102865716,114347815,127536158,150488498,806599954,884734592,894666238,905821677,914318874
97192388,116261255,122491675,128991046,139998780,787022579,886407995,897866576,907151520,915387188
97398366,129215007,140706647,149494539,195468262,775123746,861744804,875097423,881892385,893501350
98768268,110644415,120967449,130072650,137214765,828328790,871072887,883077417,903405642,915946203
99070528,108659208,124000693,130206943,146726604,739876835,899290128,907954588,916794494,924782509
99232405,106850956,126443550,157403770,244065715,831185080,842752523,848355105,860027164,880627933
99344211,111341761,117336869,130479278,135699449,787463452,888649545,900298265,910262794,916569520
99894494,133120739,147820235,158423206,172130212,688322913,876764680,897197536,907959801,916653774
100011396,111289102,120732128,194685426,309899335,814119048,822028076,832740852,843393090,850288550
100404435,108158849,128511805,140427944,153636069,810540884,872445330,885457051,894924318,902344213
100467038,116630129,129298196,145110696,153777551,791895379,872937094,885723447,897258874,904638151
101428962,119608534,145797564,154189416,167804470,752565003,873028782,885171378,895141926,905016152
102038787,111924048,118831476,130721016,138071944,767693703,893558667,901127900,912681470,920662883
102151402,110436353,131271146,147270441,156787989,774507393,878437457,888702165,899106232,909320001
103077863,122487854,150800291,157183378,321234967,807713709,818290837,829041416,842410811,846692911
103117799,129699362,135379896,140377066,145929275,707992505,895581129,904708605,912292244,924227027
103255333,117363547,128577228,134682232,154795493,703369240,886870052,912387428,920452885,936971942
104025034,112189433,135850089,143179632,168830944,711339535,890590537,899369209,912375511,919355784
104975446,120901843,130058548,144529581,180026245,839576799,844711993,855117241,873419622,904719978
105431638,114903930,121071500,144825452,187243735,806469970,855321128,873688036,884842499,905198459
106177792,129790778,135761649,141168620,146265277,698060809,896084895,905035422,913678619,925060305
106319168,121827467,130033874,136368562,141248057,718578551,896171687,905690493,915492612,925133619
107027671,123941040,159976641,169617983,298675251,804106822,817053378,830607165,837952272,850297474
107141494,113233457,120052045,140797165,148632696,719054038,896064249,902407700,921134144,931460161
107715249,115979163,127795257,143805028,152894347,826923074,855926499,871855701,892220323,902339746
107963921,117040574,123817931,130157635,161020923,710457847,899071488,907823656,915530866,924300709
109634205,118149308,136946734,144400555,151107085,792198012,868968209,881553641,892863904,903660869
110368322,119101064,131172254,141912018,156002923,773194823,875667059,888259594,898564365,904928722
110835837,120066953,133323821,147318659,157069958,743975035,880461881,889252537,899184358,917645460
112176122,121381479,133555074,148328915,157782462,736337295,880886244,889470144,899302129,917680281
112193025,120980901,153699606,162918462,319728320,804482825,817707321,824745679,836553916,845887923
112205422,121344012,137687370,145971557,181842319,739089121,874154897,885634173,895939122,905287222
114158898,122695146,140248625,147533876,158274788,739828352,875176430,889074785,896793229,916027315
114824803,126961968,170823103,207743519,231110120,806186103,818963961,830658857,840377617,850472622
115219238,123393443,141076011,147942343,187614584,701540182,877454188,890150361,897824520,917507148
115736175,127866171,133775357,138787822,157012844,697214033,893110118,901775778,912146755,920589329
116009708,146916624,154702111,173564769,444893277,770482901,786221314,795370196,800156763,808709712
116189818,134588562,147551594,174026747,454939332,773771112,788183004,795791108,800243953,814468441
116325531,139276746,157139396,183745952,423940222,775553791,788571852,795872339,800919686,817590704
116436378,141185401,150687367,164829299,434711630,777482553,790320948,797315577,803155160,821499405
117801087,130123967,141961490,150423672,158909675,775576641,865255578,875348619,883449512,901094836
117890838,125498875,141241164,148959246,174617672,673209218,891636949,898587633,910607726,917541095
117942306,126905029,136666780,143220735,175098060,791656875,858342635,868740929,879942611,900207201
118171500,127943188,137198572,145062973,177940195,743052828,870617064,882665115,892965400,904046731
118926363,128608226,160415341,188031299,250380277,806744347,819677625,831366218,840721727,852190381
119094207,132027448,176109233,195611038,211682446,814124878,820465865,834046514,841544894,852789883
119109420,149660917,161515458,195810293,224236092,796607101,822751804,834695934,841999964,852829731
119648330,151741150,162462626,166903158,229209954,813215273,821567240,830924849,844737969,859040559
120046190,125130421,137678677,162762629,326902458,803087122,817451041,823842783,836487296,845816039
120342752,132895377,142962097,154086215,158915396,748847327,865860127,877274038,893853807,904759352
121199551,127784158,139849319,154553718,320637460,804529645,818022663,827820907,838190156,845980405
121338823,127831772,140051138,149344416,321048974,804996246,818245311,828682308,840157648,846159314
121973664,130901330,138567245,147430034,156519142,718118896,874551308,887621193,905607693,915953401
123688544,166245382,184719156,192552722,216510492,695766935,836818730,847047910,855339063,879402791
123737717,167831408,184998274,192916839,218236970,659722582,848751232,856298107,865527599,879669576
124043574,144285928,161091683,177035861,236284493,810682045,820019522,830721948,843640890,849554556
127011075,151410194,157534610,177175237,392503149,778135853,790462093,798223466,803298962,822222935
127036141,143158827,159068083,168385188,186768741,825486189,833381290,843869796,850792086,861338163
127453547,160998896,182900431,189668843,270190218,787370875,796893997,808243692,826759368,846808681
128685308,165971500,190400169,197958122,216244315,650912894,842633863,854273287,869491275,880414448
129798013,150881148,159884351,165263329,243255436,808690326,819112751,830347660,843542047,847220737
129824517,178059229,189076533,201202812,260607271,638389273,837421033,847039826,853681606,861981984
130012725,159870887,167487937,178528126,209905132,800826949,819748134,826656956,845763551,860624887
130886247,143457877,150906514,165515719,253936335,809746293,819794795,830350490,843604265,849309692
132338539,142744203,148470810,156525521,502445234,760904157,771345271,782742605,795255626,805068646
132469990,159170804,170901165,184026228,206301366,665683748,855468151,866474727,872311063,884572798
132740012,163380344,173764889,189013247,192688019,724134310,829005551,852278465,864077362,876459817
133155235,145640843,152089976,181133481,194115049,813903832,822204747,845329193,850544560,859379922
133254702,154371424,168808253,197750786,251598949,795927674,809508470,819832333,829723859,836444883
133404072,144656729,174284501,189353335,196172124,725367855,839788950,853031776,865542210,877194877
133510070,149046472,158143781,176404636,189950186,814717805,823621416,843768153,850395619,860171708
133933562,151650834,162501083,177084353,210884613,746965144,838727360,848862068,860273348,869088100
133936777,164776027,174740174,196870715,214722264,676438254,839880179,853249997,866349760,878869861
135116240,155346273,169627945,199444035,240440861,796934144,810412498,821581653,830305602,838904116
135529333,144953061,163705386,191208873,211089311,723833392,839145365,851072325,861663083,875856698
135620533,144352961,159698891,169194522,214681935,753479681,834560399,844271257,862493891,878951272
136251474,170343483,180434306,200202750,228218199,664682019,833203075,846358112,854620288,883997206
136346505,155061213,181054443,198719759,213132861,648052238,852712848,864464471,871181057,876537106
136604255,152605691,176799924,191412479,224524652,761611047,823276100,834883204,842850971,854024802
138232875,163635941,177914694,200352415,225397681,728158194,823808281,835073201,844635526,862642553
139319871,158715226,179221620,191979770,201147653,728287645,835197150,845832052,854878088,864415877
139535606,148381857,181753379,239712754,435231125,747671981,753402346,774728108,783596091,793073889
139624469,161228745,171250467,183386440,261625058,788301093,798092343,809059301,835774776,848737475
139968077,159012175,170797490,182936757,237564711,633008637,854158241,866043621,871859284,882595117
140580580,165216110,171461438,185644292,204963046,783393808,810875488,828774671,850064424,856173858
141074785,187574680,195699728,207649977,233837049,623847352,841670476,848976499,855374667,864030799
141158582,145458435,160682314,171186548,181698222,748917430,845867492,856431252,866713312,879562541
141263948,147659805,154832074,172523021,180364140,758100482,837443610,860859487,869831571,874537081
141669607,146051945,155213191,171670362,183923931,758578422,837244359,857659219,866812095,879986525
142029841,156210706,162889877,172038288,188729486,700197280,846829677,857861271,880826466,890559327
142378018,157686659,166028326,200613507,337514647,779824242,790932442,798305796,803446956,822643087
142407903,166125230,176238112,194532442,221643501,717121590,829320981,839536283,851501810,859726628
142463205,166474273,177517873,186926327,223441791,718987038,830931911,840018414,851566305,861268613
142560211,157724355,169069652,192668663,337559095,780531397,791215531,799265611,803452173,825488427
142638257,166839029,177690506,186970496,223865245,708596258,831155771,845376873,853516686,862827880
142693499,175594680,184508643,198708625,423965002,749167819,761645514,777483544,787680322,796458233
144369255,151983267,161026675,176587004,227961282,685603976,839060884,863309003,871265845,876153433
144538748,151838491,159725337,169920105,190975094,753878530,835224477,852305380,862519505,879012051
144553105,150504603,173502473,187645404,207929226,639168858,856112851,868281313,873469666,896317176
144557305,164096004,171285082,194208377,212539554,790556843,800462651,828513965,837687944,856063320
144881450,150601461,188163749,209344242,229756654,574671458,859393003,868559331,874972081,896961370
144940288,152666664,156624669,177077150,202200793,704994139,840211733,864135673,872215411,882598274
145056998,153183731,162706297,177374235,185543589,715729621,843003864,866673415,872337343,878055032
145101143,152915547,160126195,171091055,217793478,708158690,844508232,852992211,866189482,879483733
145664644,152985128,168598035,223582661,460076610,747602844,752061358,770328632,783380377,793007126
145754160,154828147,169430145,198824645,233223272,796876869,809977790,821483994,830005406,838305145
146417627,154161831,170755082,178117378,218640789,621323444,869449311,874259922,880659080,886005969
146480919,154616794,179731315,192528119,223119943,668913282,840803389,851583647,864255845,876117498
146658516,165605965,174019169,194509763,216947735,741831839,812565560,839138499,850928778,856434213
147074360,170481855,183796134,193848146,200330767,798137683,811005429,824927655,830385549,839118667
147225967,165294347,176565329,190257903,207531349,681329804,830747832,853950009,867199595,879205578
147790801,157269481,163688150,212193520,228450726,777963239,814402761,825002822,830972825,839177921
148155795,157550434,168729965,181416977,200518587,668958149,853087629,865904995,871422694,882467286
148844696,164878741,184992560,195082947,212376921,774326846,814808713,827145625,832089844,843430404
149083856,154988370,159155681,172616978,183328804,733249166,838330967,861228790,870300008,874806597
149268109,159414293,171937433,184535654,217494257,623434326,855768510,868158127,873395613,896288109
150427228,160978961,196339992,208319844,247155508,690640852,817620593,832083351,843810668,851584647
150965175,185614711,210340924,228072466,337926377,749816245,766854824,780489298,790434853,799314634
151541374,160550932,167861697,180002971,191818694,781456466,820594550,834118039,847686777,861758147
151736271,155260235,160367934,174799162,183518921,724199201,838784967,862569333,870799633,875002252
151816101,159146069,179152597,198885028,225900455,671205693,831540204,845403286,853718308,881763698
151891072,161688692,168247621,192001688,201461721,749237482,828454118,835268026,848070269,862613352
151905813,163315988,171771916,192115011,201779468,692907457,838019373,848509332,863273938,875548357
153006197,159130636,170207849,202442607,311118338,781991662,791528769,799387821,804264928,826244121
153180945,159480270,170667686,192793846,313602185,782082396,793775471,799443418,804313106,827572768
153447188,162901001,188966094,200145327,238252004,692220194,820820525,836375048,846492871,859629308
153788754,157033895,166345304,177405064,216045181,663664410,845979271,867008559,872454734,878863629
153873289,157403722,167841447,177638228,186063682,650378805,868214949,873584417,879746977,884312411
153942568,157461683,170409862,187062493,206760048,614640361,868966887,874109125,880146724,885243777
154300048,170257936,190057900,201983695,274951344,601917349,838748435,847471377,853837755,863352496
154367331,161047077,170953450,195681122,263080091,784416565,794995304,799820004,828181483,845191976
156581621,171380927,183699566,198391697,428838294,748526037,757914245,776184795,784443425,793782455
157175589,165991083,178377203,191195815,216572587,630062265,845681038,860194571,870267648,882866208
158873859,167598031,171916342,185344413,217782193,739920618,827905348,833363595,844514962,851861098
159895492,174601269,195748362,207734465,219579403,623882155,842972622,849066879,856887848,866820549
160362431,185968204,194994601,280995633,290152657,759085808,765415471,779190574,788164056,795334693
160380445,176652526,185089028,209219206,385820929,749449919,766171857,777761032,789643905,798052684
160455270,239163828,264696647,281229790,448985684,700264773,712506537,719747855,729329936,741171959
160547953,223117964,235617270,243740952,250638112,750398014,767902921,781010248,788922780,795717004
160769433,187721326,196237022,208196611,220235830,578249290,843399574,857691796,866963722,877880598
161013707,182842848,208634802,252541672,348514459,752165845,759277389,771273918,777804339,784926544
162042819,175312366,196808580,208770602,225312892,673759093,819028797,835549168,844010123,858881192
162891845,181855944,197403685,203731763,550079842,721184943,727212701,740600963,751255367,763186373
162941465,271957287,303353834,354340156,631314768,637658295,642926843,651130833,657236382,686294314
163144152,171041492,197299456,212951626,398222949,747769302,754577558,775004887,783766537,793274227
163516342,210212148,226981009,254906894,292793500,753894624,759947981,772039517,777856884,787520231
163877817,212751711,233291843,244150610,282335591,615649477,795704746,807758197,814588674,828636323
164133073,172116363,183831634,206860927,400807362,749052603,761568183,776593168,785759537,796257947
164147908,183546480,187863373,204250805,552065609,721951403,727716743,741914962,751765069,763509048
164282950,199498403,204861664,220378120,495266221,722339372,728188490,747158478,753013387,763901250
164596455,176050270,189285100,231585352,604902586,703013567,712634548,724502860,741215126,752159259
164670892,185613976,195842366,223051755,304433338,763078076,773429828,784836345,796149906,806040385
164957293,223952672,235631646,244601219,256768287,617444247,787878850,809332209,817244796,841109180
165942910,170924609,185078242,195116267,232134839,723487100,814814566,827296239,833265323,850644504
167286602,202276199,222038550,230991077,279064166,751417592,769442850,782295260,792681041,800663116
168341471,172661231,188148374,196304789,206866780,706135274,828392000,833677816,845627702,853038812
168769715,178256542,189040840,197142487,237830898,665411608,829525840,834801883,845669484,853195339
170509964,201305928,211668291,251772867,364519006,738487815,751389220,760694091,767423160,779884571
171659811,182440896,194275075,204744593,230716748,608437651,840082538,848393113,854487102,863381365
171928353,195185430,223096793,235180021,282184382,759577920,767461188,780448533,788483659,795704826
172082219,184780677,195533371,204798275,242291410,589126262,841378114,848700721,855331443,863867731
173908895,280765095,303446479,330599611,631937667,639170179,643003201,651526901,661152531,681311648
174097704,217725295,242700668,251584335,271717953,516471887,811514086,825867137,837928099,847635995
176457912,190529649,196568436,234199370,267524238,753171663,774055010,786065086,806086573,814973099
176801181,191299416,200012709,229477627,484658408,722459381,728316304,747609285,754603441,764329894
177351489,221916823,232978573,243108175,273144777,615587198,786667999,807077441,813284568,826861236
177543884,185512346,208801987,221300771,477068712,724708285,731581039,748032893,756997047,767493780
177639392,208768992,225283277,233934360,255868080,617307473,806589167,816957906,824318508,831850042
177863035,218611032,225318006,228931888,254099550,598970266,812788808,817731654,825740625,836813828
178213019,186263879,200946822,224018601,479418815,725021441,732153309,748089552,757116957,767835012
179620563,187004532,192776018,224124938,480373961,725463392,735894223,748159959,757133708,768566894
179985029,190790588,199911689,210478948,324280400,751311273,768292820,780830025,792107347,799821595
180412314,203086796,210016260,218289580,441040928,726612281,737910022,749940524,761458675,769293405
181076734,187302922,197864461,224263423,235491485,747250156,786482916,796681043,815206826,826586888
181088684,187312516,200604324,217354633,225343885,747260120,786811885,810381976,815611097,826751778
181320001,188242917,193179056,200861723,225649618,748406404,797559345,812146300,815668360,835794800
181484000,190704516,221245268,225115800,337094995,751342208,759227946,771244214,776585465,784305830
181886234,204527349,224550781,240485041,542840052,699777986,711936939,717983889,731368134,742708600
183158819,193408086,209844806,226314089,337859977,752920830,759355860,771604289,777815868,785619475
184240237,194035855,206502720,220264648,228756109,688691155,803703747,813192446,820489583,838461755
184295891,203221554,231586400,263165957,308218486,739560500,753410437,762101216,769820745,783292944
184305796,210998945,220691576,230782982,250328365,691504299,782872606,796766907,808948956,821152811
184333818,282280857,303949707,317840612,632242601,639594194,643952226,652512790,663736866,675529067
184967185,198838422,213652360,223292616,251889658,648119621,810424523,816183017,820983878,831498625
184967276,191563790,208009051,216227287,475456595,724301557,728634284,747620179,756137809,766050183
185004263,213834728,223563124,228139152,248825349,624905750,802430927,816384412,822282881,832338975
185234863,193184155,205936594,241785875,288331814,758206111,765167759,778394857,787771684,794957050
185236727,220711291,304245160,321324928,627747429,641251586,658338274,669289366,678550537,690999847
185843536,205042723,224330400,228575167,250017581,619202764,811469303,816517782,822925157,835656849
186529408,207073362,231679312,254600487,263392804,715484757,762992735,784230931,791898270,801298099
186773719,211042349,221771178,231321306,268939648,684831614,784110566,797560962,801334022,809218017
186782351,207960073,232169161,238962106,277405677,688177876,763412646,784497148,801602634,817120681
187071030,202553480,209991890,240150401,417387594,726415841,737395481,749918668,759730966,769214168
187717240,210953204,232987258,239788002,268406108,663424079,779322461,785870987,805346457,823677708
187978501,221793213,236940309,257845591,270168474,712778699,757650671,769624080,782356015,799983145
188266721,237709958,248760367,259841019,265452378,685517153,758368671,769924597,782715119,801240457
188541942,193850477,202123860,218674767,226829136,673863057,812195039,817528247,827919793,836628645
188649960,211004864,242940531,251733665,260085602,627692476,786749581,796867969,806831536,826096894
188727056,193882512,203686262,228094826,259934739,664096139,799535104,812573068,817830991,829495519
188821316,289441910,305925164,320998843,615048479,639783218,644054243,652806724,663923454,675049837
188860387,212824263,243268396,254722458,660087963,666246658,675762136,689769575,696842728,709701401
189127472,220951558,230412321,242821926,251853362,645339775,785783500,794057439,811926415,826003215
189352221,207924470,225775075,229640370,256862267,576236784,812871411,817868397,825753362,856907772
189539972,206095289,223053398,238752627,261145532,615803431,799513524,812085668,822901539,830458867
190153725,214498870,236715849,244396045,262500858,692916132,769160582,782540855,789494282,814886830
190277472,201984040,211930284,237375691,352469928,738511145,753190752,762038324,768831547,781520512
190549147,245949331,257978422,284527504,323829734,707391405,716806586,730776557,764836550,774359490
191249748,200033728,217943301,226127451,256991991,758020039,765789480,781009368,794583436,808028670
191841461,216261188,246608038,254798143,264329624,633329821,785364816,792234126,798492916,815521100
192307103,216871773,230189049,271182305,634474018,667999028,682406410,690983533,700566154,711989285
194038158,290552862,308736999,321294892,606927380,640093954,644177850,653322354,664837501,673472957
194124070,200589892,223218610,234407641,277316126,746077178,762643346,774153537,787551881,799225738
194475855,214910869,231674395,253930863,274686537,740944618,754061062,762601201,770895279,800615157
194571506,203011293,210610838,231125185,568269154,697393581,710835984,717544998,726753721,739762205
194846850,208936337,232382696,239353622,250060973,697375172,777732350,784738481,793046585,820786906
195379251,209534713,218964617,225801269,231511737,694430070,789024744,797150169,809240597,827749516
195798485,203466188,211487728,224509338,563666208,698514407,711922603,717681087,728413702,742631531
196050519,209752364,232751102,239480491,250635456,663332498,784976041,794422164,804629815,821271397
197477081,215691654,223750943,233766635,247533048,638282933,800082758,806208546,812784072,822994742
198138647,210475446,221743837,226797381,232382320,673762132,789214419,799606861,818832301,828377505
198620932,226208470,242653286,253665630,469894516,700032377,712165547,719075166,732535992,744342799
198674508,210877811,222806124,227875133,234158114,635497559,800226782,815888069,820218845,830699033
199022818,209870678,225659914,235057284,248205987,597961353,807030523,818667493,825469812,832877656
199131017,225945312,243106379,254234255,647453463,665038621,672720955,688486335,695204075,707153603
199905997,221544883,243759140,255481059,444449159,706921911,717015798,724348480,739443983,746789655
200001110,215038174,245598390,254498927,263473551,633211061,783429291,789568814,797995245,815385744
200470990,221005734,229983722,246684209,650085483,667708237,681755650,690159054,699837950,710428504
201182130,210181839,219046272,226843729,237288145,730910671,768630199,794994926,801048816,808254697
202433511,227285032,240491263,246997218,270736033,584097627,786382809,800166039,816467104,824164004
202637479,223789251,235003515,245272055,255533033,703064727,764805902,778373490,788181728,802252434
202730961,213858038,224220947,228268519,240682873,612242006,803641964,816489634,822628769,832480816
203732588,214885474,226209306,248200499,257152661,550475088,801300052,821678945,831417800,843613627
204857896,214161149,224105001,235696672,282535605,685614418,774766868,781167175,789511463,804552595
205480403,211166846,222367202,232158270,251659213,644281720,797936294,801376454,809903688,821991196
205489884,217255946,228770816,241668664,253200132,561344949,812444966,817704472,825606378,836349679
205689566,212959220,222766935,232375144,244615656,637434752,798081939,804135774,810855162,829822801
205814392,227575149,241466022,247665214,259178244,592537081,786581490,793526356,816998450,825956017
205814631,213318122,225707085,241982139,504157862,699928705,712011682,719035990,732495925,743693210
206353052,224234092,232468142,237100617,259798218,644059475,781524068,789689078,805784794,817049797
206867092,228187714,239470359,250463493,276986038,503018548,802497582,811324297,834252025,846878234
207049097,291016669,308871828,321393940,593331927,640848187,644685912,653403078,665558362,673127600
207311601,220816645,224640162,251107429,273474241,614763105,783768688,795771042,808626118,819373658
207480484,217956876,253861729,262655461,442458203,701529421,713362028,719944146,735370116,745333169
207587176,213593073,239027544,280334216,614183930,666435797,678916716,690052833,698550126,710266182
209221311,217747538,239729545,260800527,608926584,668579416,684874953,692317801,701574535,714775119
209899736,233605766,264076023,293562033,351710897,704949754,715589803,729203270,742392444,752313403
209937481,239753941,249819482,261091677,570840017,669075267,684999362,692601545,702267978,717915932
210557804,237036679,245294404,257892769,408617348,709531907,717255768,725277008,739633244,747182392
210709292,226633759,249206888,265506073,271127415,625484737,770701117,783973278,792367810,803867312
210849173,229914311,238471288,249913625,265884486,617482154,771046940,784837835,809426561,821642476
212185309,225791018,237871310,242585696,658816153,664778473,671348235,686612235,693925256,704236760
212690739,237908187,276923327,482279854,612382206,619204853,627218524,631854660,637821087,659000857
213624872,230322826,240281553,250930544,260950743,607822535,772513913,785666774,811648532,823631588
213878425,223953993,237002395,245175732,256993645,565506259,799320909,809903240,818076340,829895158
214111525,223592604,245550212,256990847,397837588,706119479,716284265,730226130,743256590,764596576
215172691,240892734,251692180,261400761,275756313,568192852,774214363,785710233,798057974,827993581
215589800,231704805,252034805,262519517,268753394,540144085,787968612,798467442,812200513,828224560
215952378,228038041,239360813,270340766,276358218,487201526,802145628,810280135,821837598,846663756
216318631,225894993,238707157,246738560,254912135,624815204,785427940,792697754,798604427,815606617
216561207,244690755,255180130,268827974,277860255,507933839,788126275,798662228,812437411,828304030
217557140,228403534,240134236,260239069,270966570,469998783,804462132,824103592,835830366,847615264
217828300,224543975,234877099,250944922,601029237,669868815,685857771,692804657,703884174,718281431
218998903,264541009,276396487,465167238,610757146,619127567,626692341,631079239,637678703,647188086
219650913,240856987,253711167,274905932,307273040,617468848,749398551,767604803,780147441,788825722
220256261,224561270,232751338,237748334,250184741,634823631,782748734,790255595,807183129,817094887
220451960,236067475,243467086,273662376,401750742,701583782,714014110,724194251,736060313,746272083
220634729,303187122,309600114,335013171,620633792,627893149,633878578,640411719,648489911,660102248
221193868,230181242,248000722,304978038,338759778,720002956,724132042,728842171,734782075,746578320
221314658,225972361,265040145,281726288,396952074,700710104,713026621,720535383,729338851,742636025
221920122,236391999,243893600,279019008,378242370,708638700,717090181,725141156,739619198,746951258
222652427,254196343,265227231,277181256,365263128,701743497,714474984,721444303,730650183,744455918
222941085,249199883,260442105,299069909,312321883,720078332,724404053,729105130,734969163,747232563
224733455,237312648,241233334,286664075,532302999,670166926,686081491,693842429,704117075,720611183
224806888,250279589,262714636,273271555,334090732,522267271,769407194,779247979,787803841,795498720
226217339,272251710,284410676,348274810,524849620,644979984,654659662,672116644,679430087,691315694
227209186,238362027,268331706,483506420,612415329,619463258,627418402,631919426,640372823,647970451
227925589,264068948,285809001,316703871,555615232,644980090,654953124,672648468,681888294,692446681
229483411,265637732,277650351,282332503,296485380,685531021,722250490,737100594,746205691,756329745
229734355,237283983,243383944,279740958,490304852,681250803,692808269,703691979,711887726,729331659
229935926,292224875,309049080,321808683,563337415,641019200,647510016,653447197,665928100,672883201
230547124,245102059,252671869,272634780,474870102,681847075,694150450,704312576,711976768,731454483
231551101,251474106,260417757,327492977,616079210,639711015,650900546,658822877,676519291,686578416
233024699,263424942,281212963,303837019,318409433,552156876,740844079,757494598,770792822,776210589
233252872,246574535,252267302,270613136,283295854,637582715,742946274,763438149,778433086,789431488
233707915,252419898,261408765,302580464,629047065,643767575,651790794,659437539,677264080,687688752
233911861,273365040,297101387,338161907,624708877,630441577,635665015,645359610,655951696,663287105
234101658,265511429,277296340,282163880,320876928,701873089,715710381,721987661,732264125,745543046
234409995,262436373,284005640,311793469,575669753,644746265,653600678,666320366,677344704,688491737
234750787,262515124,272152901,312992815,577420187,644844586,653968965,670683552,677903239,690483885
234923037,270119508,279529659,294435455,304652748,587416320,738213269,750076570,759244197,779414409
235198359,245338032,255542026,264246777,277992833,485738921,789532903,798823415,815194869,830676989
235934746,241616558,248230592,288334298,337056827,711114443,717288715,730605632,739807990,748862628
236086971,245522555,256517408,264883477,280303516,476554076,790593628,799455420,816330691,830732401
236749237,247530819,260092495,268708650,284300795,594901597,750911035,776714288,785344441,791925735
237126146,274477471,285162877,294192483,318899886,598706184,732184211,737444922,752043678,769202361
237351206,243937987,259252991,267604743,300962788,684372103,731241814,741852206,760122546,772390015
237395799,247891398,258001505,273028886,306335889,683163416,719296880,732308454,765133724,777358927
237792974,275421934,286137672,294427256,308659810,571873889,738012110,753978378,762217017,771197696
237823045,250001726,258817677,273394691,298292801,647371487,734493084,754632949,765172068,777907702
238062805,251290707,258905657,274008597,287263614,651977596,738048600,755694558,765391219,778903926
238107386,244080697,250802641,259664588,275657574,700041954,742100283,750476943,760734309,775443435
238146660,245166981,272893117,281421260,430192283,684106749,694374305,705327404,713494981,732490312
238154398,244209479,260564274,275718818,301578032,622332359,742535000,750778721,777239884,786774985
238202603,250358723,258192420,318523556,628103042,639236817,648272022,658476007,675405031,683426921
238663857,247477569,263326228,283716645,430598308,685382780,694527072,705625051,714834192,734648341
238673859,247897715,276693621,311168538,344961883,688136015,696243505,706080688,734912408,754830569
238675447,251685155,260985814,270170523,295475004,601888503,750935200,762147198,778426202,788782984
239436742,280414579,310661253,366862373,614564453,620945203,628481565,634178153,641037888,660262382
239454111,254924117,262682298,272006961,279721987,603006470,752840511,763738095,778450270,790272816
239534908,246922816,304244953,384011396,614960798,622159836,629937127,643020709,651533006,661543481
239709188,251902964,260842610,268887527,284362943,571906110,766936548,777030398,785703644,791995381
239744903,247669059,263851734,273752364,280085508,584336519,753678711,763825915,790475153,800621078
240798696,252716066,262357365,272455635,285324743,522097069,777619394,787270295,793464945,803702306
240859086,256579151,263951949,280172873,286918353,551398629,757885464,764230857,794431324,800741869
241763133,250490519,262957876,273783039,300091750,515527599,771665463,779304737,796262924,805104826
242221892,254658385,260223668,288789455,308660209,548231973,759962245,768015531,780163242,789031581
242685176,250497387,263152691,287777717,311485764,472346851,779897977,788637640,796912081,805624996
242819629,310752948,330470211,349350227,384605362,659139807,668315672,676478467,683262137,694635629
242988985,261162081,273978156,291322931,299851123,689262213,725335730,729667683,735896839,748373506
243665254,248328707,257873154,266775673,314193758,699464832,720163151,741222218,748912513,758858550
244776627,251287258,257181599,266246962,287818988,654882396,732944476,749456508,773421693,781581958
244947639,255335153,265614130,282329047,321383079,702200157,716181119,722129792,732370320,754676910
245226835,300931102,310074996,322818603,538179027,641554375,647630008,653875423,666454258,671333005
245231996,256035172,330910276,543105579,576306511,584796772,595391311,610835347,620752509,636107486
245468100,256358638,281510923,339454865,532007087,642046884,660686389,670442547,680142683,691194790
246069485,251501857,258247925,266252084,300993432,604818369,749715356,760809050,774937813,784139399
247059797,251737139,258605880,266988888,290130209,604989879,750887220,761965021,776245887,791119118
247633030,258240844,270623425,278366824,316202437,619327953,737660369,747138736,757032843,764895457
247952924,255286310,265639218,288252669,303069001,696525276,706917890,735873470,743886242,755991180
248880935,281621055,304568281,310970160,624433698,630243870,635497981,645078672,654976154,663069313
249143988,271030894,278617851,282650511,299033026,621842278,726132979,747690441,757359169,764962320
249408822,252089464,271283407,285238199,291199513,527913656,767028197,777295679,785952412,792223043
250346370,258928848,285387400,302625304,310565350,477959166,768019167,775053653,782217455,788580969
250522292,278157951,289705267,305688772,335089757,417543591,768633908,777931333,784568689,790377487
250652190,258747526,278982864,292401054,304464335,601690341,737757581,749708296,757960299,765734656
251904103,274344812,305217003,330197215,602110589,630882844,636635594,646752012,657823462,664119245
252154220,287707108,420365346,543508171,560816578,573523536,581982072,585436544,591730163,602462743
253199317,299655070,315855931,322390775,513446740,643801120,651107990,656529070,667485925,674024530
254076402,274243165,285147686,293102540,300524976,609975881,731077498,737437763,751481251,761115980
254807422,265233351,278704690,292838916,324241405,520405074,748177668,762930022,772060685,779417731
255025626,301315509,310901046,323179549,526216996,642265682,647766837,653895810,666493960,670246627
255884733,266165501,277963744,289868146,312851828,630843023,708028656,735983479,756275637,763566659
256506461,265571711,273282583,293868829,317901638,521198786,751154368,766132859,773779770,779690574
256824871,275965996,287046209,294575995,320319188,522166985,743524935,756917806,763465073,777400042
257392008,303256445,316199790,323244487,516995376,642839216,648303871,656434941,666566250,667505432
257686504,266396535,286491888,293620600,537406270,646604473,658188573,673947011,682490756,694150382
257782118,268059477,278081586,303360497,313282910,585225370,725082365,746439607,757014370,763883022
259662899,270550111,286798453,302925984,334520264,426646064,768531573,775335546,784215813,789371463
260267419,282185821,293576163,300873255,319773517,565411228,728109640,736301282,751545114,760434882
261147482,273772108,297750733,305060952,625055897,630781006,636042258,646072495,657652907,663986388
261398712,278418535,289815437,306364283,313892660,394591020,769591861,785543358,791742001,805582107
261516334,297514932,306020813,330326959,519561246,641805771,647819805,655153718,664880442,672307445
261875417,306645146,319746254,339141740,379312029,467605474,705057698,725005645,740335954,752398356
261943790,274157476,285103874,292087854,299852337,629963345,726209762,730696126,737179700,761099502
262392146,271872091,278497486,306378872,315328256,518151041,732461765,762591536,769816005,779364563
262405578,272045967,279349208,283505326,316870611,568130590,740738472,748541085,757399337,770577262
263653252,288623186,296965868,313558141,339285277,475312345,739898696,746761945,755218706,778100638
265027276,281860997,293122086,298961892,326744130,584380002,726577089,731358764,742184113,747498166
265529723,275923712,286332692,294469979,319388170,520820817,740396121,754763672,763235334,776835439
265891469,278480866,286200124,307436116,507975629,645037885,656772539,673103754,682198642,693903972
266411190,275076249,280397481,325248183,452849147,658892763,670498069,683399845,687889609,698859666
267167955,283172685,294029129,311585708,320430860,535332864,729248862,743384488,752962416,760992672
267445596,286250717,296361363,312106277,336859758,495109890,739778490,743983179,753510447,765583995
267829202,274354446,283299439,295744386,318061240,485160700,752114070,766516625,774008663,780106317
267831310,287964979,296667922,326371130,459870665,647559446,658266780,674359022,682869811,696648107
268689043,290049427,382096008,544351777,563183598,576712440,582684766,589460232,594228361,605681600
268916532,275768252,284528549,297551984,308860611,466086335,753577995,774175019,780475861,788215428
269267249,289397290,297872046,307269980,315662478,467963871,746846567,755275614,768864847,780300882
269368777,320954751,336920843,553355039,564906786,578191779,582788567,590075686,596199197,606161384
269368858,289404465,410368827,539486799,552624109,563558548,574823424,583831322,600583212,615050800
269395999,290428358,298018285,308381723,348087041,458573909,742096444,746970320,756244705,781514412
269950210,282834886,293400103,331057101,340863061,637417931,693267999,702077080,713335659,733553987
270015294,276119895,284945298,309671986,331044947,434526860,755250510,767795911,780580564,788464957
270823083,282172420,293236673,300523829,309801303,593159556,727241520,731513530,742849277,748072948
271277529,277571667,287917275,295787168,323222596,499759454,744004371,758052834,764102023,778094769
271506095,295927157,305575514,314588123,456852301,644120305,661368171,671055833,682741591,695173196
271751405,280983810,323262504,354048854,368481340,628459590,681400193,687906492,696605191,704625405
272023059,290197555,329602266,524091188,564593991,570604585,593712967,603387290,617660693,631042204
272697255,294769231,357849686,538485135,568910048,578691613,583266292,590544467,598956459,615347452
273025239,305160668,323530338,338970506,375550588,607621257,682574251,689167285,696854311,707257639
273858463,287971808,304140965,327635039,436941166,656806046,665745282,673986526,679374580,691359641
273865492,298613504,306270404,310798612,335911064,543481216,710609765,729994467,739540992,748201353
273909717,282775930,293615398,310323675,320354498,548061353,728723924,737118197,743143597,760769965
275144523,280431744,289511196,307097765,429359930,659654234,671560121,684362669,690962035,711152875
275405847,280785412,292155271,307519606,373706229,660951394,673212387,699796861,712621183,721359719
275738858,288902543,305072426,320315983,437011004,656881134,666355744,675677531,679756187,691950464
276212549,286889329,296450459,306759032,339225366,496300472,729852647,746177831,753964828,768114202
277516410,283187877,301729307,309731727,317917821,655150243,694584477,702683227,714034487,742843252
277959494,299955637,320326484,327093907,394890567,514109472,677473739,711775754,722752236,750923442
278757536,296950328,301907783,309965569,342103956,583730626,703087198,715465318,728654770,737430703
279352696,300572169,327049630,335313037,351961710,434158484,709436609,728675215,757728899,773254319
279551273,300792713,312619754,327701479,344072499,621490178,681760434,701721731,710232201,719527311
280000874,288873066,313267845,328156382,344337898,615963947,695022925,702327000,710568769,719713013
280060130,302367215,354523258,552105741,562438474,575742631,582678118,589221591,593826062,605590042
280714875,298875069,307599061,315097304,508060278,642020517,649305568,655787277,665688290,673945353
280977346,293099772,346887749,553412573,566202544,578519425,582875953,590454259,597840331,608681967
281225100,293338471,301197193,308236525,316895065,654232015,674877460,713041176,722864433,731255632
281914823,301932668,314344426,328765875,345131015,579372202,695379109,702412093,712130781,736148156
281967559,292651558,320866996,348917774,374713008,657457491,667693191,676023760,682483470,694433448
281981944,294921667,305045307,311197545,456540081,643072061,660954677,670454429,681813568,692162320
283185460,300987627,365138104,535983440,552641250,568561171,575097708,588250268,601644875,628475562
283657834,311744875,329108241,553222326,563668261,569423728,575467759,593053468,602393965,616091333
284060018,290304034,382666655,455439285,565402337,570699416,595155263,605304601,617787839,632824149
284213619,297709901,303842962,310063217,342257252,530434242,715940029,729248843,737815021,746106898
284403364,297777076,304099925,310152826,333536992,543259888,707460683,729894295,739538182,747252546
285130958,327158160,334780111,355953835,364830665,475084129,698351612,709211122,717986945,729235151
285608821,297549388,314776071,323968326,399611175,638728668,662170714,671434620,695978993,707928130
285727044,304845201,359907271,469302882,579064777,583537604,590642349,600690305,609674432,615807200
286228763,327833319,339524456,491806983,571063564,579662225,585067864,590732883,609710146,617633841
286559335,306390080,315310786,324901421,368067098,625437776,671750349,683275735,696573743,719517002
286654507,297030131,308297210,321081202,369560529,469554981,718021845,727903753,745357080,754491270
287188500,301464197,317406024,333670028,458316322,645492404,652580795,660084892,668232120,675498562
287463782,309736748,322881716,334254142,369914907,423798267,718397384,728594429,746817904,756457137
287888692,299637881,318795879,325928996,357785014,563358303,687173103,697277192,721034027,739811088
289699874,309005459,350820524,544066389,562291985,575249135,582622237,589109919,591739124,604966770
289997025,322623810,336110306,345982160,370048458,507861354,686707409,701694987,714023815,722287851
290212101,305601537,318578307,330160235,356518709,517181821,704399831,712569484,724319320,737574906
290762165,306509119,319648339,331961121,337836501,512650291,696306190,714529954,738343735,751186422
291392468,319876344,327152623,337424103,346133996,636999707,670311047,679355576,690378622,699281308
291574633,307819911,320180904,333141398,359893474,469140706,705295059,717846092,725455699,767674841
291639795,305618822,313664772,481146691,571381003,578618446,595315301,608756521,618132418,633679751
291826491,305622180,361702348,430088534,572017271,580124613,595727596,609071295,618240812,634845031
293125144,316995402,350610008,415752664,572933394,580590085,598872777,609077484,622405974,638126175
294262858,310854262,330996269,350503022,368842711,617507189,670324637,677287368,684038806,694749392
297132896,325156694,332377546,342275711,352018640,551244467,678902320,695993522,705263238,716970409
298811937,306619882,311426325,382424397,545980272,608568764,620526869,631408082,639194420,652143924
298891855,315739068,362349072,407992934,581559704,585258578,591423560,610627190,618461737,625303661
299457446,306530014,316849880,325780044,348108044,591566944,683323575,696705376,709362067,719983282
299722655,325477000,339325066,364297323,511478324,609546819,620913857,635099611,640443607,652910159
299789589,319733325,342600223,350507809,391335635,407079180,708114640,717857455,727843226,734751450
300824693,310420140,316839582,333622613,439952881,644161304,651651329,658151725,667934989,675075323
301726870,307667275,332279592,348325903,359855817,489333405,700920826,710784029,721192127,727186652
301993369,319152373,332375800,348375190,374049566,455867159,701520011,711476061,722220657,732186266
302863458,309009936,332597523,364504896,374143905,444895012,701595581,712335105,722820153,732194700
303049627,326551846,334567083,344970207,377605662,479484205,688684563,697866933,717073079,729083477
303183264,319249961,326281781,337241551,358501863,653089429,661396898,670120553,679231440,689059477
304288643,329145275,335099171,342435383,350948040,533986219,687106246,693661419,705374230,716494493
304437759,309056130,333012398,352020111,365235803,445113729,703632976,723023000,728292801,733238798
304652725,329748262,335574294,352703160,377429460,495017623,687386814,694104322,705728699,716740849
304727793,320603465,330631525,343965169,353211617,527036063,687752558,695470604,706616570,729529378
304768576,310339342,336830466,352737029,381276198,405251045,719099781,724059081,728358597,734154846
305746087,314056951,324529430,339238236,370363347,536490109,683670111,697063854,707459131,720134458
306056188,317795517,328460752,358140454,370830367,496099539,689675728,700668362,709777482,720203474
306297125,318560957,330093268,344925114,359117874,480462792,700789577,710557469,720463371,726694476
306970639,315549307,336114732,346036518,370182909,484725137,688581566,702601760,714828855,734110176
307108823,323685013,332521686,356061958,406533978,412354232,698740400,708809431,722425231,730447640
307872406,326315939,337848116,358501006,365800191,422734180,705963226,715538735,724679151,734120286
307968128,317743721,338231870,406609999,574602112,581517169,598951271,611297620,623008414,638486099
308057557,327039336,339594125,348154658,358658532,431939377,706420936,716972103,726577061,734156861
308311406,317794229,363894108,380778475,567658027,582307768,599683768,614830642,624051345,638956517
308388629,317563583,357912580,366748199,377642213,590502715,655079808,663459905,675285531,685788394
309082171,316659029,334845775,340548784,348835131,624762345,665433074,673519649,684081609,702114914
309932592,328520157,341815103,349978453,364265192,525372793,674452764,686747289,705013927,713808623
310492762,330278956,357668194,383278646,481880817,602006653,616660699,630609366,636268972,648920182
310590847,322857368,366561317,376133460,516378651,605669415,611251047,622569870,628646222,636584981
311024506,375296266,385194931,395548295,437726224,450191138,638963673,659915778,669207147,676508415
311257250,320764810,343747542,363283794,369188211,376403659,698261609,719082046,741678751,755589314
311939249,321598560,331634549,338357443,351215852,584356693,670400249,678082800,695016560,716763604
311978338,318924674,325980835,336560340,399766474,645795868,652668290,660198373,668533358,678552805
312140518,321766157,344733084,354826934,364727490,394536881,675191600,729734640,744467131,757485268
312710954,323057757,332170617,344593042,388882578,484115922,687844877,696808293,708455759,718239880
313297129,320526408,327261972,337998961,372672323,531268938,679538015,691775869,699291065,725491333
314373334,320870826,328980209,339162273,350896920,533059567,679915502,691918504,711588655,728633216
314773844,321168211,340835310,384969160,562959785,587635026,603813917,621254609,627867007,632330737
316093121,326661253,334411835,339797500,360983031,451743700,701672447,711766569,725232954,730941450
316130847,329529432,365646957,384301700,440005389,610048704,621240472,636391242,641561401,654066798
316382435,325367109,333873263,342564647,353742856,519617591,688184855,696585489,705899004,717046949
316843330,330296331,344884547,360853239,594841113,597972738,604359997,610724560,614091605,622365801
317158010,345159964,355686885,361853230,564763529,599121756,604458112,610792997,614675238,622495178
317237315,328435229,334862938,340883085,371325545,533784750,666401797,690787598,703028860,712867591
317973065,331959100,358941907,369063219,408309560,507685953,655982547,663824782,686593778,696705633
318146001,330854747,342462849,348730910,359048756,414251487,706746335,717566552,727274160,734685282
319001612,332573694,359768456,380046759,393109237,508205891,656353500,664284079,686847869,696800335
319025994,346908523,356340506,371656904,466049894,610507227,615561697,629147553,635789747,646206450
320197802,331639343,342821533,352212623,362262322,417051441,650661130,728432620,736914020,755279439
320839045,343493291,361288222,369190896,395913698,483265865,657693935,682008125,687359665,697932462
321744036,330701911,341403073,385926184,538135748,589311090,608522137,621355500,628279698,632491509
322505490,335393099,345575233,356276140,364939225,369962455,667102223,730256039,746181013,761608773
323501008,340042935,352167652,377170755,496028011,606614244,612648774,623141070,630504241,636893279
323763766,344717911,354370530,369403530,520497228,589588247,608935800,624492645,629187348,634703741
323913840,333735608,339403621,359262063,380983250,407197063,690108575,710101158,724106182,730804181
324318611,351237933,362062282,370125938,381265545,483758593,657847784,682128792,687407799,698047281
324883067,357071342,369528265,407727422,448533196,590292412,610163341,625260993,630144868,635001716
328135301,435959888,488767604,493847692,507225921,519114915,532022184,545289763,574380764,575231295
329315486,337544203,356990985,405706997,429285762,611142749,615900248,630164514,635878787,647276748
329924610,340857370,356461206,375239600,416041343,614111129,621460505,636686176,643632752,662756505
331316324,346363448,355855006,363170199,547190865,599194362,606113184,611429748,614676848,622584430
331368717,386531214,445013697,508156791,520001717,540378541,554537860,564118779,570287051,579028676
331882113,346915376,356320336,363917094,525063915,599225299,606845321,612160320,623563537,633873858
331891792,341410730,358606643,367413948,377947206,549773314,645554530,663791790,676208797,685802528
332014471,347251167,356782104,365061124,509847440,601291415,612232080,615971065,623935199,634303492
332211631,348744957,359554982,367833657,396536975,522079680,648426998,658335366,677261615,687708766
335018031,375072246,387343493,390958213,408869586,492878719,637422145,646009877,656974389,666778976
335801675,353547886,363442718,388241375,398261328,593637627,615491751,633897333,645689547,669655499
335840527,355306360,363644587,382572136,389896174,552996708,634230583,645778677,655252507,682213251
336001778,348239898,356877148,365082596,498794841,607148680,612527017,616580549,624174697,634382903
337013847,356022222,365818381,378064397,382630512,517122454,646323213,656499770,673957187,684729624
337568558,346659963,367260070,382672898,400676152,501080039,636605223,656663728,674321077,695454806
338033878,358584334,368728369,375706309,440420846,583247584,617200246,631188378,636506498,649588200
338146814,361380416,375735667,386435361,399997856,550048895,631670370,642086353,651316893,661031091
339296142,377719337,387544598,398763934,412294920,441120163,608984228,669517778,677277946,685200507
339411987,386749558,486289866,508965123,521541939,533314036,537430206,551655223,559479292,574820632
339695364,356372136,406152310,453847489,538457958,564398789,571227925,580044119,589173852,600047834
340229696,349425727,369384879,380384421,386021614,460480091,648745691,677281654,687711152,697217140
340374204,350275288,362236703,380473223,386624263,447589851,663981113,678582125,689188822,697802516
340828853,348339855,358200875,365189384,485970821,607899267,612647175,618856216,625441230,635530244
340834105,349402467,358700231,366119285,481779321,608007843,612852705,619320744,626453770,636013682
340957147,351235110,362514656,380765346,397546997,433492781,650863055,680907190,690333010,708960731
342083173,431145946,459335562,504083613,514098969,524610471,542214599,548483965,560264906,571138400
343175776,349767738,359015324,366604943,471194697,609428690,613525967,620212631,629264338,636899360
343231300,362800327,373271556,381453677,387273574,407447277,669506701,681000955,691311407,700556391
343678609,353689026,369171799,379610162,466632958,589311738,608885947,623670075,628875224,633454787
343866070,367715350,388318771,399323887,417042531,431272207,646327957,659289361,667536395,677649571
343956811,350246540,359548119,367192057,465372748,610607864,613869234,621122178,629555055,637489465
344715679,370266466,380371779,388998376,393456387,457621922,650695532,661883353,671212102,680679837
345006097,369785483,380735592,390190720,411923192,594443037,614796422,626281317,630242726,635384055
345951598,370124109,380886927,390981496,400020324,584417787,615914371,626882162,636915149,646226400
346092371,371326072,378295092,395306820,403032059,427614048,635032178,673287775,679280845,688761122
346123243,353261360,367714574,379827531,438797024,606730988,613092604,623720143,630585257,638262981
346708499,353943491,367909312,389523070,417116342,607145659,614069253,624837901,630792220,646582782
346772919,358153711,367718413,382987430,394172777,481456788,648423826,658142553,674737189,686109765
346940668,370597122,385655963,397025370,405758941,437160153,628781869,657401511,681135198,689453786
347334870,356632698,380977391,401395242,431187898,529059060,616692364,632251721,639247372,662858995
347356778,370606898,389954173,394017327,421117592,447331669,611621183,662416964,672475651,682701596
347448777,360336786,383269738,401808691,415620348,518229106,632160064,637285104,647270530,654493322
348708455,453703872,480387198,502700239,513790398,521657230,532242131,540287325,548009927,558135285
349405096,370390849,383192160,391783633,404419882,497922961,633535599,639686175,652208302,675069237
349529361,364222783,385152140,397171030,416274153,523681648,625357183,637339633,644386588,655717998
350372663,358468712,373493547,383207443,435701251,499255737,635115656,640429934,654174442,667334070
350706482,434500532,485548165,494713812,508137675,520067079,529747439,550166926,558426464,567126392
351075663,380215055,393589010,404855929,417586736,491111197,499482464,678250702,687059775,695538761
351300281,463279942,475363238,485466337,497108867,517212490,525974950,539222990,560730741,584271016
351394358,410274132,485879395,501360714,505741980,512115363,534337983,549475442,569187844,577815776
352117953,370222494,399515257,428673610,551794022,562856363,569647043,579339259,586812534,597993377
353442633,394361764,402441232,408742050,435769870,447772169,487791182,674099424,684216123,711279433
353822705,369945110,379365864,393267826,410022993,431645687,648868556,661135048,670665498,679811044
353844382,370877144,383412956,453110103,536923380,563210260,570148233,579519012,587499752,598816105
354889709,364254004,371166800,395057295,414917494,426778752,655452696,664432756,673213753,679064532
355896531,369802102,386170246,395806794,426392408,463162724,594689384,660166721,669207171,676670776
356231875,376955764,387386125,396511911,426509120,439605549,608194074,660212306,669509498,676798343
356724419,365391905,379890895,394646491,410026774,454457051,639464063,655085913,668078273,676000601
357155869,369927730,381196755,391548229,418714257,518596436,625761234,632300294,639461368,663141732
357256721,365754058,383227971,396215856,410757278,437148309,645563743,656151715,668146075,676636300
358051838,418997544,431642421,441616821,525019799,541999181,556640414,565836674,574380052,584143952
359473580,370668952,381337127,400882384,408789187,517027333,627627283,632088329,646689344,653143018
360823044,380146065,391262331,404298333,417146100,431403381,552293588,678163870,686377422,695252497
361452570,454582385,463428320,488552755,497677903,517213262,529905804,540777618,562172759,582354320
362038195,373162861,383493787,391841838,423927584,453435342,638084327,647347995,654633826,671328686
362047055,368289897,374755579,399229145,415554277,424818485,603234468,670031612,681880768,697384305
362415935,369137631,376681221,386765090,411349794,501287223,633414965,642466443,652063860,661721133
362819244,415970811,461171739,466289382,482352590,508332610,535427203,558244948,567810089,638956204
363017082,371305473,384237689,390410619,408054728,533631077,612681955,637005103,644039384,654652011
363511981,455167525,464687634,477301643,502316207,517368738,530213393,544048886,562629100,580345472
363715269,369406052,376737997,390471072,424304849,444561471,643563063,652246858,661948816,670925340
364111784,370701660,377071793,393857116,402737949,425006439,653324052,662443169,670953610,678922859
365047756,378936817,417009540,428617087,548240136,552773288,560291647,571549891,579352209,596051973
365084769,395694938,463474621,478364214,490895355,515312707,525678682,553735855,565500604,645204424
365710119,384322956,408049547,440208005,490177438,565210302,572144442,580982588,589911182,600828541
365719195,374586415,394645990,419563977,436588170,445730210,474248847,687825222,695977053,704601609
366262624,375697731,388272892,391888805,416629799,430796363,627501808,658763488,667164748,676517634
366427668,373152779,387774347,397161264,406055816,412060787,611168327,668924330,681256962,692990448
366476742,395009305,436518762,502328660,512518722,519705065,554462676,564030896,570219708,578487004
366618739,373764978,389929918,398939319,406838979,434480976,589238698,664373400,681676885,693889024
366778174,386060226,414711430,438069955,504119749,557056320,571260203,577041576,587012686,596105616
367850538,375143225,380797113,387631393,558234355,580763675,583105265,585148431,588763714,591989094
367882234,375638372,380840036,388407411,539625668,583228246,585281634,588973442,592150305,595140075
368144111,375677240,382013849,389118357,534904476,583890220,585898422,589206109,592417988,595268938
368560535,376286302,382153205,389232334,531547030,583993284,586549064,589403365,593012680,595633843
368959672,375635776,393204300,408043329,425329802,435742855,502781065,682354317,697593274,709259069
369110811,408483577,427288824,436099729,446764122,455810824,561765313,615864858,627919307,648652511
369159530,464338842,471343729,494073769,505672749,517472905,524931616,536420711,549823868,566301561
369329180,377987342,388396187,393109079,409674236,417634104,633860867,659770905,670521886,679096910
369443130,377297989,403465992,408767506,428333988,435891007,460873996,684282071,712434633,719113223
370505674,376805369,382501374,389646681,528386249,584066664,586550045,590040398,593257572,595705224
370745806,377222031,383389734,390149318,516535634,584316334,586779711,590115315,596100643,602631475
371027786,382583984,390166241,394129097,407595727,423252188,590295558,665404790,683725626,690183765
371796101,381598152,418163114,477640681,481493246,553492427,560392012,572700169,579362199,600877326
371905923,377252554,384455211,390358964,505016437,587524658,590239251,593692449,596334155,602942132
371951586,452654843,462994640,502202530,513307872,520539290,531236247,539239866,545717558,557899204
372290078,379236611,389366454,399220666,414946881,429589896,579481114,669729553,677726628,685316688
372409260,378348424,385501464,390665445,499615767,587759623,590317808,593737907,596701001,603271215
372774680,378979074,385834104,390881347,492822309,588314053,591642016,593882018,597447946,604212115
372955750,379942941,390531508,401127081,415006152,430761500,550140687,677852989,685707087,693309012
373273581,379396577,386036967,391040120,492982473,588649444,591720787,594637436,597944968,604285464
373517568,456442468,467718859,478456357,489697018,517720646,530251344,545200883,564181617,575588502
374507048,380621245,393699807,405221943,435208172,459960866,466406071,680793568,687820727,713093898
375133541,382549707,434410705,449325947,524688869,532560583,551752459,568472575,576426115,604435028
375885844,429169985,479131070,490668983,503665188,511144948,519272263,535614263,545502744,609134647
377729214,404188038,409177789,417837494,429065173,436338403,461034258,626870502,712595787,722189411
377968787,399170763,407495669,415040439,500362582,533264843,570440290,578256927,593849424,621566271
377998302,392760200,473959202,494266887,517875043,529104502,536899624,550066611,558255051,566630954
378308227,391575528,408807360,416743071,466327144,511354531,580728073,605068744,617440868,623593347
378565740,405691382,408896720,418756131,437580692,491395641,595228432,608786037,617563901,637423916
379934724,391628703,422255402,435278320,446530103,455356664,592325408,602367474,625437344,647607677
379936615,429748111,438928508,448398482,456890459,508638715,572055038,578469540,589543040,597303179
380148369,386883933,395582781,508212892,513648115,540724033,555870890,565410139,570942628,579820320
380313354,387717272,418709983,470402191,523922034,540886416,556155832,565829291,573516748,581674006
380393888,480491053,492093100,496311088,508222979,515193708,524855607,529217598,535322672,536292834
380487004,408880996,428415844,437427331,450219254,457734923,523059411,604026861,638859672,668029354
383997384,405827272,410573090,429010297,437869136,446151662,597124330,618629501,629333484,638737099
384042599,456014188,463227693,471071391,504882547,516318248,536414990,546251747,555421618,565566985
384259665,446947727,473115312,481181009,494675094,511822640,521926917,535909495,547308397,602791743
384669467,408056008,417137348,435100829,454561041,528338134,572586058,581060619,601740275,614879469
385366901,397597268,414585084,428467799,487510869,556180488,570093602,576824595,586078048,595999607
387208081,407075562,413925732,439830794,448391240,461660962,495316752,631664333,644919848,668166579
387395244,398870026,414798098,429182474,473284890,559560323,571858376,578348103,589089987,597098665
389979003,418075850,441111932,448780567,456912071,474130527,574283232,590491287,597574066,608077200
390932854,408458744,427903323,437811418,452147976,478487161,579879511,599180191,607589061,615638848
391082419,400489266,408657579,424862095,441900921,526367254,571080668,594572071,616657008,623479181
391361585,396415517,401535363,408118514,546220531,564692278,568063801,571733210,574410307,577348045
391368835,415070559,422016511,432073526,451566311,530329205,567179037,576297871,595581035,616116575
391372426,409439040,422899135,432406252,442627389,489827443,576842749,587067183,619815728,627666511
391450403,408231088,418689500,435226512,454641110,477283865,582381259,590513380,615175501,624489647
391687214,396624724,402024902,408127387,526514948,568853750,571918191,575366557,577457153,580775856
392275341,409329395,442549571,453984599,461373490,473986988,506892550,585761339,633658959,639947432
392750097,396979747,402875376,408330251,519936231,568975165,572446799,575423762,578067532,580864329
393062675,396996016,403064133,409929867,514707437,569286916,572671806,575555523,578266304,581265100
393403160,397768038,404282911,415682927,504582233,569571391,572999055,575679368,578337789,582186120
393467951,473450658,490192457,492671661,507014139,515030422,519514675,529143954,535132845,544217320
394468488,398076038,405876502,410391189,510745814,569817720,573071632,575711252,578606176,582359561
394637438,398354883,405938040,410721379,491320889,573484088,575836875,578864847,582418663,584647500
394707975,399493373,405985682,410844324,492774129,573688716,576074589,578877429,582617941,584852618
394969861,446953336,461836009,481685503,496638366,512290866,522741533,537567492,547931741,594698227
395093073,414812295,426271251,435844521,451891967,499186938,579489331,591495917,598466410,606211505
395115398,400582278,406883982,411055198,487947709,573935728,576497575,579673192,582628669,584886966
395241354,401185811,407752879,411545192,482722006,574203893,577336460,580657434,582957308,584953241
396636218,406227845,421099173,431094273,439116256,446601803,573372840,612576919,629459420,641625108
396677632,406449071,412845904,422321441,432909197,439402216,591248920,619955171,630844319,644268047
397503815,416371324,428854644,441938784,452773032,478523575,556830645,599899758,607611144,617054912
397507707,447051818,462646645,474833570,496997489,514436975,525730705,537693522,547956203,594647384
397648795,414024401,423826068,440220283,448992185,462362551,516012144,599087938,645412317,651616099
398213921,409214270,428428743,438351224,450367732,459799336,509516116,584530513,651312103,669367413
398768269,408759751,419781825,429536604,461414249,549239509,563382667,573229750,582331474,611262289
398814028,408873808,420780945,429605395,461900809,524157032,563967354,574246580,605879306,611359867
399244084,409228034,442451665,452834398,460379350,472470811,506282525,601300257,607639063,646191611
401592789,421694599,433584110,444047604,457647822,464032393,539349523,606654709,612684990,617802513
402254772,442961141,453587544,460213410,468487353,509848899,529299862,539976147,550628684,642570963
402333775,430463163,461688298,467254424,485195434,495075671,511335449,548008570,568649342,628836729
402400780,412840457,433775924,458187777,464493575,486691030,509318118,584817390,613106074,633854022
402502844,409843846,415656229,434188168,442749953,489856475,549035882,603510447,620304554,632240236
402745939,434423113,447387253,465304509,474874574,490305551,503483290,512270151,622994944,645092026
403627710,434128724,441392165,450222033,467145737,482354202,491024662,601124499,608711195,617422531
403943397,459577252,473683217,483650689,502264078,512270341,522608224,535865633,546008416,557894716
404151710,431518259,443276943,455659231,461989149,474239693,483272700,574230080,620683834,648579454
404730987,418728219,445219052,457341771,463125035,474331914,507667969,576980769,610075441,641483835
405015361,419508561,429246500,449136236,462445475,483868805,498711214,608014514,614764285,626884838
405650192,421843803,429740975,450320384,454675711,463912698,508744326,594663866,628507416,639497659
407334408,419819974,461762439,470352986,474713381,493487613,500975307,513685020,606496176,650198286
407464373,412052221,437033092,473494876,490989023,513765718,526537682,543856497,559770657,633791758
408297193,473411067,480509161,492639449,506575944,508890121,515511078,525858865,534567920,553219406
408311757,412929889,421082803,449033956,470808059,543399425,556985382,566601769,574958101,595540477
409066701,421240521,430216896,440727716,457174126,471566261,564640562,584305614,606575854,611957477
409687011,421363788,444960631,453767008,457805745,468927383,491430402,603853766,618584489,626484301
409759052,438930547,451231066,470690701,477255800,486318736,495644290,501687972,616034163,651468833
410298713,421639184,429475002,435018880,497797444,556711546,558826858,560108769,562520669,566236552
411470904,434428674,461739518,488605497,496842808,512743968,526419358,538626238,560177279,568915402
411544252,451486777,463490335,471945535,478366913,486766439,495943814,517627544,568972834,652320615
411646042,430899400,450377112,455227582,464080762,474936970,493256924,533015449,639543777,645676540
412141810,417412780,424296220,428902408,538971524,549320709,551252841,555427458,559483325,561699793
412827907,431976396,458418415,476258704,497578002,508016171,519201347,542090751,554564118,597446005
412937180,433135273,468746766,486096763,499173186,508614196,521667106,542537071,555232914,570640830
413526545,438323176,479533436,490280785,504603493,515647820,524238900,536340010,543832980,553655623
413667308,436169526,477819391,487039920,494045745,514843724,521926231,531180327,552462766,569045413
413781914,417555156,424796571,429167429,524616116,551626312,555431033,558367796,559506142,562138974
414254658,424571560,445684509,463197945,482981184,503737440,530301967,550042925,562224195,620085154
414433477,433903684,444962063,459074898,464609650,478794419,503111665,551726702,613902715,634101117
414622796,419431117,424866958,429387841,509237699,556488976,558672884,559822190,562327369,564949953
415264691,454372900,466205582,476883644,491697228,502659167,518665278,535846644,562178888,573106783
415326142,420628844,425656443,429415000,503757874,556613451,558813682,559987638,562424354,565346217
415685262,479561386,486293936,489519615,494359814,503556178,509145473,515218424,545966539,560199354
415711616,422354926,425806783,435321138,491154759,556917430,558982001,560333957,563208969,566805658
415975546,462572169,468974246,488035436,499490632,512785375,520289852,530349716,544587841,554786762
416202527,434845164,448595516,459588076,465742006,480857004,503948001,522466441,609551674,656574557
416290480,440602725,461039276,478360964,491225023,503051757,515470712,528778346,549280333,615197966
416822039,422628841,426063970,436237564,481328186,557115627,559056255,560527583,566914003,570246149
416983999,423411796,426525179,431027016,477067869,559145569,560699480,563891054,566948319,571032565
416989640,424106048,426551622,431729969,477144925,559190043,561450119,564156675,567055187,571090132
417197129,424255843,427482685,431991541,473556669,559324113,561487182,564254989,567703689,571323785
417304141,453772644,460222830,468932536,478556404,496111670,511540901,531059135,569161079,612867559
419618380,434764191,442736715,451902678,457433685,483231973,491259481,584096292,608872277,625823103
420218067,431844430,445775152,467281564,485051177,496575595,518842482,527994590,569173307,635331194
420451121,477687953,486466091,490278404,499903076,509439477,515080829,523714456,536175862,539543101
420665532,426499838,452159103,464630581,486546236,494636867,516733260,550218913,571862923,613811945
422747597,438523391,450398040,455421170,464830422,475233379,493608777,499827902,639742901,658161933
424293228,439801367,452429211,456691846,476587718,485183711,493849539,501827812,619644805,648906671
424466257,437293614,456524580,489180198,498065148,507383834,516310737,527051083,543830321,598587311
425760390,440529871,446424201,458926397,490891712,540278756,544442230,547834295,550125018,552899315
428270437,452201806,466829786,487374440,494126850,502719978,510111871,523861759,535827836,597548549
429024356,451881606,464434240,472006363,479738001,486901014,503373804,526137526,589637648,596247145
429684068,442185185,446472881,456317273,485723413,540654594,544754740,548085919,550136157,553362884
429927270,442238349,446515774,464851316,476668091,541675750,544859733,548211210,550248960,553756854
432781893,438250839,448483520,500871759,517085269,524317560,526435198,530926319,534070143,543147503
434068708,474982919,485546756,488990401,495200140,502327842,514611397,523088221,536117741,543180520
434133561,438427528,448713432,454582280,518248952,531208034,534778080,543327974,546664662,549407840
434485340,440120056,446217880,448913767,513136157,531546670,539844157,543737155,549468853,551756764
434533104,440127862,446387717,448999010,490805914,540249518,544352414,547579802,550109333,552686486
434841242,440743250,458678797,476022551,491176954,500928719,508300501,521709470,575512296,591919414
435051036,474887694,484714283,488093175,491555588,500036851,513335336,522760000,534311297,553572550
436159021,462466970,468521228,487290237,499358033,511990129,519937883,530139308,538333855,544517913
436962344,443148585,446675588,453355620,461534347,544992225,548392538,551077033,554551969,557327898
436969415,443547874,447501366,453898872,456748887,545924839,548774736,551191907,555113138,557425907
437461820,444570621,447799760,454311954,459760929,542170959,548926828,551193967,555370465,558102570
438932792,463347380,467739035,478962009,492683706,503120153,522080287,527966069,547997217,554570838
439153968,444783669,465153174,475460111,491504781,500599742,518056168,525776361,559717691,579311573
439530583,452097830,473249562,481096233,496015635,507410892,519148446,529538219,544247039,556195876
440866377,453287270,458928069,467927551,476717461,486682831,494682636,502210499,568714333,649280068
441382578,452623893,464709694,472515154,488863998,496870870,505752332,518454484,538386795,619459550
442577565,461632615,485418508,489403304,493972899,503527945,505202184,511301749,545119203,560909281
442939309,454373910,464797847,472797489,497637154,507575224,519467556,527590499,539575836,571575208
444091470,465090725,473525231,484729280,490207872,498935022,510397531,527596700,541650366,560939971
445251938,462526585,473107206,487699613,496615192,507174067,514360182,525895128,532556511,554593770
445549858,445869222,485253331,507178787,509393300,510992870,512556217,516809867,527565992,535655660
448693457,457325959,462445837,486712535,498925894,511343791,519623664,529923690,538184573,544501401
450090114,459595289,470001766,478414637,484892648,491342575,505682201,513514302,517230851,628946489
451503733,454379162,455399086,455420187,457188290,458298364,458638949,458882642,459856274,459941671
452188221,458949960,461130245,476121632,504731844,522719987,525329992,528442587,532246275,536959357
452796965,456381909,459053704,466905964,516706353,523274223,525412307,528708843,532276740,537176296
455856335,471959504,475221231,479643707,485464295,515862375,522211331,525211879,531700145,536061211
456386150,459273282,470428823,472380572,487525107,523668716,525864677,529461530,532967811,541951739
456440216,459701140,473586177,478432810,489338627,497494011,505896381,514154497,538176557,586680181
456846573,462131009,467579238,471269196,477592967,512214684,530258838,533986834,538785549,546120526
457311713,480352899,485343835,486986714,492798556,495876077,504702390,510370194,516177340,568602692
459693725,461746273,465310773,467402743,472901277,523718828,529588187,533799484,538687980,542040593
459940895,473676427,481009141,487391466,493293440,499771100,504824751,510415515,518636375,568242839
459973966,469920883,476858535,488486232,493543533,503018913,504974589,510911988,528984211,561688566
460065462,460401436,460938220,461409194,462600272,462767725,463564978,464117888,464302673,464492059
462143001,477316253,480833311,486800032,490486227,494513225,503936111,509459431,515974883,577663064
465261727,465523976,465538459,465855500,466143736,466146006,466561283,467287877,468534238,469238354
469695787,469804073,469866415,469998249,470227564,471641219,471685472,471805238,471925375,471978993
472313421,477728619,482350974,488020501,494536804,500115332,507315738,511069836,516982119,527265191
473856953,478114098,483789570,488416691,495696828,501134827,508796618,511762197,521549037,526280190
474041665,478781366,484759905,489856931,497190654,502693958,509093791,512497075,524241071,524684802
474345547,475106026,479318721,481230273,485192619,490500950,493020927,499454184,499814301,506774511
