2606133,10932555,28345393,41839503,66283742,199444035,911656355,921410533,932873428,949385291,961105549,971413522,999246054
3675177,13412218,30006099,44003445,85799854,161013707,913479265,921748122,934454971,953050896,961651358,974682845,998697903
4622725,13680398,32072732,44280738,79392055,161688692,913721763,922382406,935003117,954846625,962843445,976286823,997807391
55739244,78655713,85782558,96774607,126961968,582617941,804707056,821499405,839060884,850792086,870654355,885171378,899106232
56220730,66474002,78826598,98022353,142560211,573935728,805582107,824318508,840721727,851924969,873419622,885811349,899178508
57152886,66616890,85806957,101176334,114158898,583247584,805870532,825740625,842633863,853516686,874109125,887798872,900740279
112281647,141168620,160682314,231125185,442627389,686081491,698351612,721184943,737815021,748917430,757914245,773771112,787803841
113722689,127198416,176050270,188266721,474713381,687173103,699837950,722425231,737910022,749167819,760904157,773779770,787968612
175594680,187978501,514843724,552065609,565836674,573516748,595315301,609546819,620683834,633873858,641625108,654659662,670400249
201461721,216871773,447501366,552462766,566675239,582684766,596247145,610627190,620913857,633878578,642046884,654953124,672648468
32585,8776339,20781284,30360407,47812434,76479886,221920122,892540692,914431771,928610960,937633958,950017650,969733949,998676294
145124,4907975,21580950,54637112,70371880,81116456,95519653,915946203,923890622,937369505,949652928,964696535,976561423,999587899
240149,5309202,28210300,43507346,51905371,65141432,195681122,898895509,910607726,929644918,944405933,953362730,973465866,998946884
376488,10029616,21836264,31049326,48728841,102819345,176565329,893501350,915387188,929749092,938686452,954208799,976426667,998660812
744732,3541762,16779501,30805872,48968469,67172031,150687367,919227915,927023882,941070308,950969349,963410765,976657222,999884838
767717,13330646,43994986,54577120,67071927,77402376,91589978,904719978,921634989,939239844,945634048,961967869,974778716,999559365
782771,3547524,19084490,31023766,49611987,71147779,141961490,920147655,927749303,942211162,951286880,964144212,977235412,999695391
850072,5403488,21936184,37868475,56729448,81456421,121421432,916569520,925060305,937562064,953295688,964995102,976901490,997899270
857562,5678783,29197834,44243740,55034393,65636171,185234863,901451424,910814328,929903623,944550052,954533093,973816291,997853391
933956,7413463,19362655,33107318,51431346,80364705,144369255,906501636,926640562,940536738,948474571,963105479,976517626,998352770
1171726,5266664,22448711,32281269,51132587,92025880,103705749,920169390,930823629,943670839,951497651,964273357,979192831,999471868
1389973,6972339,22147455,38841036,58533767,71287077,123326454,916795163,926661506,939125532,954596292,965348255,977089739,997393557
1501759,3713140,17760729,29135567,46772882,68432099,223953993,893558667,910062076,927426906,944874852,956796482,974536024,999249709
1699240,9327619,23305727,40220845,61418030,71611373,126336342,896793229,927718295,939518891,955687152,967810930,979435627,996178854
1699735,5803648,14726441,38139310,50838850,62078783,177035861,905016152,917645460,939004545,950324066,964584167,973297561,999554632
1799970,5856404,22642377,51738184,59035831,73956872,92137250,920540083,931206943,945416511,951925727,964747853,979452360,999246918
1808167,6819293,15815026,29425898,50902948,62923077,177351489,905035422,918387943,940010881,951465849,966642163,973769393,999436754
1848565,7750317,20516350,39096706,55763234,82148394,194124070,894522061,912292244,922657449,931703583,960059613,977316034,999778146
2050323,3815657,18346038,32833870,69700062,85171296,177940195,894171080,912126616,927782136,945489167,956823043,974638231,997102749
2105980,8003032,32610632,44596641,55872538,67170967,171659811,901691949,912416986,931751502,945446634,955024817,973874394,997680009
2446282,9266209,32812696,44904965,58197270,83973446,138071944,903028093,912692675,932350257,947691623,957096986,976378233,997192051
2523175,11313202,21880889,31066554,48886249,63325915,207906010,895156644,915564702,930495218,939338595,954636904,977543186,998018830
2547706,7719258,19777326,33179286,52099462,82090832,144709983,898564365,927726322,941909006,950107415,963501214,976766788,998137217
2568966,7589097,16722628,29441045,39108389,51198485,193179056,905353139,919355784,942313030,951667340,966930994,974520016,999340166
2639873,6353392,23689924,34933157,60221137,74918289,105689989,909982681,932463674,945682100,954230973,964894140,982145323,999119553
2668174,9402596,19119695,30544220,39444764,51319559,181320001,906473552,920829868,942482322,953549141,967224302,975148474,996150703
2914709,4468134,19433842,33541744,71939859,85734087,160547953,894926655,915378366,929726319,945857941,960390399,974969903,996513035
2968809,11322698,19751660,33191009,39876217,86582331,135379896,907959801,922032130,944603934,956328478,967317212,975337257,994457542
3246755,14351269,32941606,45449004,69419322,84070817,123240699,903145007,914911429,932373190,947758751,959012151,976772007,992705999
3252522,6011022,22796520,34087093,72106131,86057348,153636069,895841413,915492612,931146194,946312482,960429444,976278718,996512811
3291069,9762328,26243421,35278182,53050685,60247300,105713566,922022814,933904195,945688499,954495444,967837870,982585689,997981910
3416640,6518463,23156830,35243506,50271896,86780727,163380344,897197536,915514019,933175862,946319709,962406066,980285855,996158620
3473207,7278124,24240162,35809518,50932498,88557423,154371424,897258874,916056588,934214114,946840257,963479257,980953179,995648316
3515588,9615511,20004967,35387499,53309572,82588422,119101064,907160935,928354996,945615823,950452207,964076497,979557862,997003672
3630924,10342648,23354344,40305783,62234402,71811544,99344211,919113808,928658406,940307820,955789733,968022578,980057657,995175243
3920789,10482689,21307908,36891498,53628653,64905031,130886247,907225441,928763781,945743700,952537757,964377109,980497594,996886990
4088829,10919051,23767632,40493738,62430622,71996834,113666085,900234577,929089792,941616228,956011342,968684898,980958671,992999772
4333619,7822254,20975006,42643169,73633554,93606509,146658516,896317176,912375511,923933978,939211032,960076770,978052440,999625070
4605674,8319173,21910669,43992342,58569319,74931113,169920105,902382002,914519932,924227027,939854941,960153064,978279401,997477864
4655513,14064446,32480647,44139942,56980546,78134636,121338823,905821677,922748775,939521655,946766320,962222807,975099437,993821350
4700607,17804967,33346557,44573096,57474229,86714775,101981344,901094836,922542595,937201123,955231242,963038071,976999682,996451780
4723937,11894219,21321156,33877274,42435931,86732302,122946628,909465842,923795485,944912828,957252652,967675497,975515646,994293428
4905074,14483963,34766526,47523126,69824657,84687386,110531337,903660869,914950717,934030139,949835807,959048037,978257682,990454772
5292512,14323198,32903029,44185076,57736601,68976860,122827351,906744430,925824937,940109374,948471150,962733330,975948527,992967796
5710351,11448479,22316793,49092888,64209630,79385805,150488498,895389351,916966642,930861497,939942911,955737727,978106334,997103764
5844321,12117973,21375137,37834551,53749691,66236682,121733005,908615229,930538639,945810608,952792636,965890383,980810468,996553706
6126476,17898138,34845488,44897769,57630552,89661699,102865716,889130318,923952166,938089242,955526284,963299320,978931349,996406356
6173071,8856608,22252080,44611015,59081978,95871108,140706647,902407700,914857179,924301532,940454067,960500928,978455632,997340901
6293648,13854329,21917759,38372757,55006028,69028725,133254702,885723447,930700176,945906925,953498161,966372554,981844665,994538532
6725894,9000326,23493432,44833088,60520468,84743416,140797165,902774485,915509845,924318736,944737822,964985050,978816556,995484324
7009480,10485737,23972220,45408805,76428674,87849165,110516246,905228691,915631771,925443818,947862615,968139014,979582925,994271478
7458901,11999977,23242819,34003960,49621742,91673405,162762629,895724063,917263799,931460161,940646205,957110040,978722655,996354199
7792906,24407226,39122623,51597703,74688446,89300586,117305026,847686777,918954852,937200864,947333131,964356489,981153320,995328005
8007350,12125478,23989906,37644321,49956072,80253077,163705386,895939122,917816171,932299321,941969751,958029009,981927407,994779065
8241258,15503549,33322854,45458286,58573410,69895782,109771028,906931580,927561338,940550164,948589446,962761467,976267474,992354044
8891737,16177876,33894434,48513454,58641804,81105189,94239753,908958148,927584094,940719427,950134364,962875179,976290766,991705602
8913136,24645889,39593118,53463999,78315967,91033966,106107641,848737475,919601839,937810011,948866865,964720554,981274718,993537059
9163825,17341696,35017396,48727461,60455981,70623288,94516523,910812012,928209280,942279357,950342370,962888240,977369225,989213487
9266876,19559668,36398587,45488024,57953390,72199346,106850956,890590537,924609076,939471803,955824980,963457549,979298250,995484514
10364947,25272134,41069463,59541542,78982182,94049591,168808253,766936548,920469608,939113052,951124015,967049422,982904519,992210670
10844118,27001458,35520212,53204621,60459930,95878546,105716090,821678945,934426566,945928120,954804676,969071420,983285603,997939085
11015665,24534393,45737343,61513334,76860631,88173914,111924048,845816039,915953401,926264605,947956283,968697654,980045665,993611543
11340103,27416168,36011119,53967934,62664145,96008863,121827467,798492916,935446664,946463308,954900768,969381505,984373013,997794242
12443890,26703596,41257309,63520675,79726671,94817424,155346273,767028197,921052112,941531646,951236393,967397481,982932636,991416040
12444108,27784293,37417654,54017138,62721341,78008068,109171144,823631588,935561853,947931450,957445550,971739631,984442587,994870684
12743817,26267315,45976858,62150311,77037312,88479551,130157635,817830991,916027315,927350576,950101934,969226543,981848083,992425305
12885977,22140070,35328401,43663304,54924365,69721791,124831826,872337343,924166045,945077708,957643791,968049454,976311163,992871155
12887421,22211937,35455339,43795279,54998118,88986252,103005270,872454734,924300709,945851609,957711698,969058307,978055839,990589115
13066595,26303833,46110104,62391006,77624626,88713783,100347573,846159314,917000482,927529151,950938645,970481179,981898654,991425757
13107166,22433613,36041368,45015911,56838786,70683241,129106532,856431252,929688309,947097881,957912213,969235712,978149041,988167950
13156458,22881949,36336287,45611121,57000720,72874019,117040574,856887848,930366294,948075069,959729980,969623457,979368937,988149211
13159684,23131369,36872130,45714166,58559599,73451856,91342585,876115291,931043883,948758546,961593935,969718131,982025427,987901179
13254802,24748144,37814386,52868884,65822737,82580857,126624612,859040559,918411070,933828477,943137407,962852265,982661516,994353141
13264840,23846056,37097360,45914498,58573465,74164642,108463386,848700721,934003182,949151516,962309954,970176964,984443556,987208361
13318013,27850262,37699388,54605087,63671891,78228770,124000693,799225738,936623798,948167359,958925113,974658305,985087796,994794527
13335727,25367226,41146999,56552547,67998480,82676717,95913648,874806597,918780235,933910736,943702426,963774495,984167467,993585226
13470635,28336644,43089882,54616324,64043296,79934974,97546298,812146300,937222054,948906349,961916465,975251913,986045521,994318341
13640974,27234498,40621177,62654016,73742803,86150745,99693866,821991196,929099941,942954127,956216485,968901138,981211629,992897287
13883220,24024634,37720268,46903759,59684975,95831623,108551024,819832333,934465611,949960376,963601378,971605110,985604284,987067168
13966552,22289200,39017396,55607039,70706471,85409167,99070528,839118667,931317105,946002982,954352633,966886103,982031507,992199479
14194955,22574350,40660364,56250795,85798860,99125915,112536894,784443425,931407374,946294711,958646667,969116728,982673652,992086456
14201945,24006089,41108824,56648760,74509450,87954325,99673446,810682045,931773491,946719719,959301365,973213546,985179150,991850298
14211868,25027985,38108674,49240310,60498449,96503697,108687756,809240597,935223944,949991112,963752115,971978910,986546663,986673971
14399337,29210921,44654063,55046630,64098421,84540567,97772129,799513524,937347459,949584671,961929971,975287119,989429481,994180366
14695091,26309440,47394074,62469647,80282285,89633153,101416943,832563915,917507148,929468430,951971751,971503903,982406382,991229147
14711054,29113532,50485925,64299645,80475860,91301327,101428962,819373658,917767367,930478782,953151962,972331389,983395221,990838557
14904094,35164696,47879596,60753332,70324628,89657483,111289102,842752523,915412876,934479058,950174918,959875610,978410982,987584824
15051954,34186066,51560989,67724393,80536793,101627669,118926363,777482553,917797754,931152639,955546036,972553860,983650296,990343810
15115406,25416284,41547074,57036659,68655696,83629377,119869593,847906977,918902102,934923010,943885494,964708906,984714007,992429718
15479246,27264044,41487664,63013740,75383803,88376114,100467038,809903240,929184414,943851377,956731983,971669872,983244569,992203517
15825155,28545272,42146644,65804913,76380588,88529041,103015266,799320909,930429301,944642917,957680168,972917982,983388220,990891100
15947215,30159630,42673334,66328332,78268963,105883238,116189818,761099502,931041906,946105035,957692620,973590630,983602355,989046015
16080187,25698916,42705964,57641220,69929174,83695061,97794990,860859487,919930398,935317923,944817739,965171260,984762059,991243398
16140967,27406893,41688808,64050821,82146604,106650626,131980602,767461188,923291144,942255343,952848530,968784580,983005856,991213823
16159111,27431054,42516400,64159450,82260080,108466851,120046190,768015531,923959058,942291171,954345007,971996591,984432058,989779012
16181734,24067568,43150839,58011875,74962761,100011396,153873289,737660369,932446259,947195393,960288012,974510373,985672006,990839828
16223989,29252383,46099655,55275958,65817504,85578316,139849319,752313403,937483984,950676747,962332726,975539790,989760639,992612901
16297913,30349588,46121892,55522792,66780399,86055271,128511805,755694558,939299659,950743155,963254975,976525504,990729060,992082854
16861835,27681801,44711104,65269631,82264834,96470231,150601461,742946274,924684665,943069673,954841189,972234861,985547658,989545326
16906661,24898473,43447973,58171315,75230822,88881346,155260235,739633244,934858869,947971501,961849016,974829008,986235832,990393029
17088487,28158476,48503711,58806656,77594957,114646227,128532896,728812724,935151879,948004382,962030207,974919632,986638329,989635666
17107235,28203274,46611117,66260043,82555144,97826952,112459100,768292820,926849298,943965871,956368684,974190726,986411050,989318321
17341106,26874592,43094101,58043923,71022152,83890793,121344012,834695934,920129973,935393209,945337969,966237004,984779090,989345740
17688229,35158568,48908333,61262236,70776947,83212083,95012313,832418577,930325600,942618085,951766960,963849561,978356967,988644195
17827555,31220629,44872267,67977824,78411465,90886233,106246105,774690633,932744620,946969461,959641329,973621558,983738453,988649206
18077498,28422363,48515545,60308298,79976622,90045212,143282139,729083477,936866913,948030453,962671540,975853484,988256864,988523488
18357788,27821114,43162437,59486285,71896903,84019071,121903080,822751804,924598046,936240861,945735881,966677850,987399755,988921122
18610426,34790032,47683608,68663631,78413912,91109114,106319168,763186373,933797513,947090132,960911615,974717924,983931541,987604425
18825288,35706734,51815267,69036233,81675416,91650542,102788959,795704826,918208689,931330960,958263527,974053765,984199930,986191225
18930160,30001440,50215903,62752450,80126342,90758327,115736175,749398551,937570631,948044557,962751533,976151828,988280810,988475335
445775152,450219254,451231066,451566311,454457051,454641110,459595289,459941671,460379350,460938220,461130245,468943852,470001766,476258704
19599674,35866621,50363456,61865126,71121466,99894494,113843385,783393808,933608720,942797947,952293070,965362827,979417298,988202576
19880212,37380029,45783569,57989938,72383978,81599182,91220410,828682308,926350322,941054779,956013981,965059288,979600589,995406474
19907497,36435379,48964060,69545115,80318137,93036470,106791009,751417592,934769993,947861094,962380324,975194812,984620817,986811860
19914740,36840058,53738972,70203291,81021291,93090588,107257535,740396121,935541776,948384758,962564471,976198346,985533591,986642267
19986241,28051778,46236237,60485010,72141204,99232405,122487854,793274227,926147162,936657109,945891085,968260547,988100515,988693346
20124236,35511335,49211917,61870741,70945907,90697599,141669607,799314634,915977841,935617311,950482645,960824442,979261680,987274515
20145296,35880189,54505175,70302878,81787544,103077863,120342752,755279439,919902387,931468202,959545350,976554282,984914260,985175283
20567343,28588719,47166853,61714169,75300099,86990559,123288299,794057439,927084486,937401621,948929128,969016343,988208339,988288297
21667322,37555750,46406411,58034547,72708527,82326226,118756955,794583436,926926174,942231230,956265297,965281177,979897306,995373112
21925477,35918439,49257345,62331309,71599278,90854418,131217442,799387821,916448734,935960155,951149570,964970136,979368681,986357761
22293459,36887019,50405380,62319872,73191274,84268353,154092104,749237482,934062840,943161587,953336248,967519583,979427456,986891566
22457412,37903473,46984561,58742197,73274217,82402899,93363942,812788808,929698725,943442637,956772710,966183799,980556780,994519294
22661933,36458585,50334769,63080562,74067674,114683320,142724575,754763672,918137724,936971942,951386932,967422203,979461694,985805042
23208638,38598362,49280982,59642208,82754002,93604482,119486488,754676910,930201383,944449215,957040316,967396799,984125403,993997042
23280387,38942499,50469768,63620014,74729650,85985362,100459720,793073889,935954434,943323709,953753094,968253620,979502270,986080557
23650158,39006915,51361464,62405710,83273862,94707308,119886328,742392444,930611659,946897848,959550785,967414560,984481233,992837707
24138766,38825083,50351575,63118988,75406719,96266610,143179632,758100482,925089478,938535397,952021258,968266964,980330823,985206485
25375150,41334901,51027094,63719476,75305256,100564215,130058548,737179700,936482070,944123498,958607719,968389978,980877343,985195035
25702883,42421658,51085094,63636400,75417851,99558875,156320932,731368134,925327378,938572361,952610609,970387532,980879070,983537742
26000578,40158069,53789429,63930876,74884570,84210063,109634205,757014370,930843457,947546615,959961325,968892553,987311866,991662124
26014367,42494289,51445733,64668345,76762090,100072750,146513050,734648341,925859890,940569460,953029094,970736273,981219136,983138916
27373351,79627463,96776177,110140797,120337608,144577366,459074898,809903688,820983878,841544894,851583647,863808496,880582030,891848913
27401960,42640518,51588664,65030233,79456118,100404435,135850089,735896839,926720937,943134565,953146412,970771905,981779330,982247922
27625784,40424241,53997482,65829141,84629016,94870042,110269211,733249166,931235033,947705731,960016818,968978067,989169038,991013061
28021161,41661024,55363048,65894488,77165911,85206365,95650565,757399337,931445301,949142870,960811240,969302779,990677743,990804136
29334965,42461192,51666500,64074976,75337078,89156290,101097033,770328632,937499920,944670581,958813967,968680792,981518908,984892576
29850609,42869071,51867545,64660196,76452223,89270014,105901616,753894624,937865193,945087705,959546609,973709108,981574665,983817242
30881356,43278265,54264155,65988837,77362589,106762117,133988946,704117075,939184913,945405849,960833933,974155347,981674872,982028612
31141377,108728321,120982523,135620533,146916624,158873859,394646491,798092343,816517782,827875878,844711993,855191793,874537081,884093381
31613326,90765478,108682213,125130421,137562129,161515458,452201806,799983145,814814566,828551169,838904116,855374667,868476784,883929618
34262089,104222963,119109420,133120739,143158827,153183731,256579151,819748134,831185080,846692911,867199595,882598274,897530088,907823656
37863435,110009074,133555074,146417627,161473510,178528126,191299416,817707321,830005406,844010123,865255578,877194877,894134833,908179642
38627649,98476381,110191152,121071500,133936777,156002923,374586415,810669201,822901539,841670476,852190381,864776631,881206025,892863904
47672410,99595819,114347815,122929103,140248625,159895492,441120163,793045424,802252434,823842783,841793188,856298107,871181057,883997206
48607668,101193485,114953259,123941040,141248057,178213019,408759751,793464945,806040385,824103592,842906014,858667519,871859284,884127495
49423005,101758345,115647802,124495162,143074544,163315988,408789187,794422164,807758197,824927655,845669484,861121080,873688036,884572798
52550629,92451258,120250192,133666437,144881450,154843916,225397681,820218845,831498625,847039826,867603473,885096575,899071488,921723261
52708281,68166751,101170252,111497694,122111976,184295891,368481340,814588674,826759368,843810668,855468151,869025561,882814523,897141403
54638416,68609454,101701163,111582215,151410194,185078242,330470211,814717805,827749516,844271257,855665631,869831571,883594982,897958523
56306054,87491829,101322315,114090138,129824517,180002971,290304034,815803002,830676989,844508232,865904995,878729081,895638772,906521788
56850544,90245449,102038787,118094498,130051363,165991083,291016669,816183017,830721948,845376873,866673415,879669576,896751084,907259251
57371871,82674676,103574689,121111924,139998780,159146069,465153174,796893997,812871411,825488427,837928099,855117241,862569333,877454188
57646579,73829022,119094207,132223942,142744203,152089976,273662376,818076340,831155771,845681038,867133576,880886244,897171905,907382307
58972366,110371199,139319871,150427228,161091683,176587004,224263423,812085668,827993581,841109180,853837755,868214949,884713348,890559327
60400298,123728728,140638829,150965175,162706297,187721326,199179623,797936294,829495519,841378114,854423047,870074223,885575923,891933747
60799713,96925483,123737717,141263948,150390927,160367934,369159530,803298962,815206826,828224560,843772914,856799919,868693448,880921053
62282499,87931526,100885112,124043574,135116240,176404636,437580692,796607101,810412498,828181483,838190156,852305380,865542210,881553641
62752881,77763147,89094379,124045197,148470810,207734465,410368827,797559345,811005429,828231443,838461755,853950009,866971116,882595117
63589867,93811022,106642603,115979163,129798013,157724355,332170617,818832301,835656849,843528012,853718308,868740929,881533154,896961370
64392159,94939716,107141494,117403254,158274788,190257903,255180130,819028797,836818730,843604265,854822177,868767017,881929987,906948961
64640606,97811314,107713122,130206943,144850126,207073362,232158270,821567240,837443610,844485697,856063320,868966887,884053258,899351902
64929328,80038276,100194969,110650302,121199551,134852209,415006152,811469303,823677708,841999964,852829731,865372654,881348755,894666238
64998245,79970150,110835837,139084199,151107085,180364140,379396577,800615157,815888069,828783117,839576799,855926499,868898824,884424199
65379631,92488037,116436378,126334031,139276746,181753379,369384879,800741869,816489634,830350490,844693191,858084334,868968209,885989902
67255475,83926422,100565093,111429132,121447379,166474273,365719195,812195039,825606378,843640890,853681606,868559331,882163572,896964876
68652775,91777316,109024836,137687370,147613208,158915396,380384421,798823415,817731654,828328790,844737969,855339063,876153433,884271290
68994749,79702573,114824803,127784158,144400555,179985029,268939648,808948956,826244121,842677016,855875838,875667059,888320894,914487537
69010819,107963921,122695095,148340714,161047077,174026747,241668664,811514086,827820907,840401231,852992211,866713312,882467286,889624163
69933299,79940282,115411431,129298196,144940288,203731763,221193868,810540884,826861236,843393090,859288241,876764680,902803836,914563618
70101954,114903930,128198109,137233709,160380445,171916342,185543589,802430927,830347660,846492871,855956818,885253218,898762867,910262794
70255236,110099893,123817931,151983740,159850151,176652526,271506095,803446956,819794795,830607165,849628955,858342635,879942611,891417176
71263117,96230163,111709776,133933562,147842534,181133481,214681935,818963961,831540204,845979271,866043621,877274038,895086654,908282266
72836967,103255333,116261255,127536158,144097522,180026245,353742856,795370196,809059301,829525840,845887923,862261341,874154897,884610753
73063480,124973262,134726578,149660917,168247621,184646280,195533371,671328686,847471377,861074111,874972081,891636949,901775778,918055762
73276222,108158849,135904010,150504603,170409862,184967185,195379251,666246658,846663756,865860127,881763698,895141926,906703121,918041892
73435378,92610805,103231061,120980901,136346505,156519142,453435342,796867969,812573068,822628769,836607042,852712848,861981984,876117498
73681551,109075965,137214765,153807077,170481855,184967276,209937481,638956517,846878234,868457461,882665115,896171687,906782834,919227661
74052728,104818898,116898340,128991046,144557305,181698222,339225366,795927674,809977790,829822801,847635995,862493891,874551308,885151910
75008814,84300617,105897350,123238269,147074360,186926327,396677632,799455420,814119048,826096894,839177921,855418328,866071354,879402791
75141830,96403297,108659208,123688544,148959246,159976641,397597268,801233726,815014306,826751778,842850971,856112851,866812095,879986525
75198071,95513585,121296240,134588562,145447606,155213191,200604324,820820525,833909771,847615264,870366909,886194015,899372394,912387428
75352270,121172723,139968077,157403722,171771916,186782351,198138647,619463258,848751232,869140223,883400799,898587633,909142188,920662883
75446037,119408618,132696232,142178573,153788754,175312366,190529649,712434633,849066879,861338163,878055032,889715717,902338902,917622185
76486006,121617668,134974234,147225967,156787989,171285082,217725295,627218524,850544560,870799633,887051290,899723206,913034506,922908476
76738541,107386218,136946734,147533876,157269481,171937433,245294404,605681600,852886013,871265845,887872352,900773104,913490609,923303263
78243381,92889102,109286999,139320783,158952767,188242917,312851828,800919686,817868397,830305602,845329193,856434213,878673129,887928008
78528884,94025400,123393443,140427944,148351395,190057900,297549388,801602634,818290837,830458867,847220737,857691796,879483733,888649545
78873800,120066953,132966181,142693499,153942568,164670892,204861664,695252497,850584760,862613352,879099713,890239157,902627621,917644266
79267040,89220027,103081513,124065599,148632696,160362431,410757278,797560962,812444966,828304030,838727360,855331443,867427054,882790502
79790478,144941241,165605965,192552722,206095289,225283277,696243505,716806586,731454483,744455918,751545114,768633908,781524068,793126636
79834633,102217612,120744476,136604255,147790801,170823103,285162877,805624996,826003215,839536283,850928778,864275197,880542725,887223798
80212387,103564490,120901843,137198572,147820235,171461438,276986038,806744347,826923074,840082538,851072325,864415877,880611752,888894484
81262065,90156314,116630129,130072650,164133073,183158819,192001688,810875488,828392000,843869796,860273348,878156334,904759352,914609645
81269160,110368322,125498875,141076011,152688388,177077150,271751405,803703747,820527431,830747832,850064424,861744804,880659080,891685173
81449040,107027671,122491675,137631222,148155795,211668291,223582661,810268084,827572768,840157648,851098355,865527599,881892385,889511934
82576546,96729419,112176122,135262065,148328915,181855944,216045181,794957050,831850042,848070269,866189482,878863629,896084895,908523736
82651542,98584239,107972952,119608534,145184890,194038158,233024699,821642476,837687944,844635526,856907772,870617064,884057751,899369209
82750956,98510228,114077229,122220393,136666780,177517873,405758941,792223043,802145628,822643087,839076834,853087629,870300008,880826466
82892866,94984177,104945475,121999910,140580580,146726604,430598308,797150169,813215273,825753362,838784967,855321128,863867731,878869861
83020799,98768268,109903399,131021512,164147908,181484000,208196611,825486189,838330967,845191976,857099405,871713920,884312411,900141119
83114874,97011532,112189433,137290214,148844696,163002862,182440896,820594550,832740852,848355105,866474727,879205578,908943750,917733107
83234509,126443550,142378018,153006197,162941465,179620563,221300771,696842728,832495591,851501810,862642553,882166324,893457723,911403006
83445087,112205422,126905029,139535606,150906514,165942910,182900431,795498720,833290514,848563177,867066587,881126582,900207201,910935219
85058206,98998612,111341761,122264001,149046472,165208922,209219206,825956017,838748435,845766299,857659219,871855701,901423122,916277047
85611677,99465613,127453547,142638257,152367629,166125230,183796134,769924597,833677816,852002167,868597844,882879747,911998017,919351582
85754152,132623521,145110696,158909675,168769715,191249748,217793478,659437539,836628645,851861098,864464471,878951272,891128619,913262557
88342509,113233457,127795257,137848490,170257936,184859448,237100617,636013682,848495893,861758147,877880825,894572613,902270357,918641468
88466147,102151402,113757403,136368562,151541374,170714175,197864461,814808713,829723859,845980405,855768510,883627531,898162965,910128551
88877978,116858750,143512909,154832074,166345304,185644292,238202603,648868556,834883204,853348298,870205548,882866208,899184358,914599424
89094868,103117799,115219238,137382487,151736271,160415341,186773719,803457524,830658857,846808681,873395613,887621193,898990505,912681470
89805303,104025034,142407903,156581621,170908798,186970496,202553480,623935199,849377247,863273938,880414448,896064249,906124304,923716654
90474346,128685308,145056998,157139396,172523021,186529408,233291843,530349716,854913578,873417657,884351526,905287222,912988566,921395161
90721393,104069916,130012725,137678677,160550932,172661231,187302922,763738095,830931911,846829677,873584417,888666866,899302129,913885845
91412887,133155235,145101143,155061213,163688150,177175237,192668663,727843226,834046514,847715437,858482722,875176430,887497637,910318368
91524333,118160715,144656729,157550434,171380927,187574680,196339992,658335366,843542047,854273287,872311063,883764188,901614294,918668942
91545957,118229076,131271146,141264718,162042819,174740174,202276199,692162320,836813828,860624887,877436550,889252537,901427802,916794494
92010259,107715249,132338539,150423672,169617983,183518921,193882512,660954677,845763551,864077362,880146724,894071362,905251598,917680281
92394560,134682232,145664644,165971500,181054443,192916839,235198359,624815204,836375048,849131207,860027164,875636975,893853807,911763736
92953351,116489679,140051138,154300048,164776027,184998274,209844806,787878850,817053378,830732401,845403286,872445330,886456595,896288109
93989554,131775376,154161831,167841447,181842319,205814631,216261188,578877429,848862068,856173858,876459817,886165226,893110118,906636570
94732122,120481177,138567245,156210706,170924609,185613976,213132861,593712967,848509332,869068285,882934883,897291051,908132215,920452885
94876990,119837471,147318659,156624669,170509964,234750787,243937987,606730988,834118039,850644504,868158127,879990978,887971251,902960360
95033056,133158275,147659805,157012844,170953450,191979770,244150610,627501808,836487296,851566305,868281313,880400182,890150361,903405642
96748516,127943188,142029841,154553718,166245382,187645404,200033728,739619198,820019522,832480816,860171708,875698177,889223184,906887728
97065946,123911869,137156606,147942343,157534610,174097704,201305928,607639063,853339812,871422694,888259594,901127900,914025055,924782509
97192388,110436353,137309005,148381857,159725337,174601269,201779468,608711195,857336982,871587832,890590251,902339746,914318874,924930790
97398366,125021751,141912018,151838491,160998896,188727056,202442607,768630199,817620593,828454118,856976005,869839185,881523100,907271889
98008738,131125222,143220735,156525521,167804470,189013247,212539554,689188822,822724011,849654761,861466599,878437457,889947360,909320001
98341132,112193025,128149775,149268109,164096004,192115011,223563124,549280333,863171775,875856698,894924318,905607693,916598073,925601180
98773186,132027448,144538748,157686659,168598035,189076533,202433511,676023760,835774776,850288550,862827880,878536435,890747039,911992455
98948871,112797004,143805028,151891072,161206863,174617672,188860387,770792822,828513965,845867492,857212484,870684170,884842499,907408872
99313686,132895377,147270441,159068083,172130212,191412479,238675447,615175501,837023504,852278465,864951460,880627933,892126201,913295774
99552306,113503649,140015344,149344416,164282950,178377203,251107429,516471887,863309003,876537106,895253176,905846328,917541095,925765334
100354416,115809549,127036141,142881915,164596455,180412314,210998945,717255768,833203075,852789883,864135673,882227777,895581129,911754003
101726852,114098552,127920534,138232875,170343483,185512346,237395799,607899267,848976499,862131410,879746977,895723599,905198459,921822889
104247401,114844713,129068587,157461683,171186548,202637479,229756654,560909281,851597267,866963722,880787597,896664134,906274631,923991215
104975446,129603529,143859711,157519872,171670362,204527349,229935926,524684802,853195339,867326666,881196407,896908383,906475661,924114845
105431638,129097535,144953061,154702111,164957293,183923931,214910869,739538182,810424523,829875000,863381365,874686421,885457051,897824520
106177792,118831476,130123967,146480919,154988370,205814392,217255946,702200157,832787938,850297474,866349760,877880598,886710569,900485386
106354892,117363547,130901330,138787822,152985128,173764889,189127472,739811088,835268026,847047910,860574599,888702165,900707900,915408824
106465321,119648330,130721016,146811230,169069652,189668843,243759140,674877460,833063935,850395619,866820549,878242676,886870052,901475499
106943179,117665999,131332132,149494539,168830944,183328804,192307103,647188086,845627702,861268613,879012051,893801640,904928722,916653774
107943006,119263591,134882333,150428826,169627945,183831634,194275075,626870502,845832052,865512388,881433671,895097009,906410228,917723490
108681894,121391556,133510070,158348801,173908895,192688019,210212148,666778976,837244359,851584647,869088100,880461881,891849079,904245828
110644415,126214972,137999232,148461223,160455270,176109233,191208873,578864847,858277467,872950845,891125956,902409540,915814138,925133619
110736273,124389109,140011996,157980808,171928353,187071030,198824645,573484088,850472622,869491275,884734592,899058558,909994919,921134144
111590469,122695146,133775357,149083856,165263329,182936757,247897715,600047834,846358112,858881192,873028782,889733299,901527370,917034995
111682375,127966493,139624469,149251837,160978961,176767863,209752364,548774736,862519505,873469666,892220323,904046731,916173511,925228434
112411658,130033874,151983267,163310884,179731315,188031299,226633759,587416320,843399574,854620288,875530965,886005969,892676580,904708605
112648123,126512600,135555255,152605691,170207849,184719156,199022818,618461737,848213398,861228790,875097423,892153624,901934672,918307457
113262680,130479278,144285928,153699606,162462626,189353335,207649977,723487100,818168984,830924849,857861271,872215411,885243777,908547545
113373934,125652389,141158582,152889982,162901001,177374235,208319844,696525276,821581653,851446860,862135362,880749930,893239272,911273435
113507224,142172714,153166314,167598031,181416977,188821316,203732588,588250268,844514962,854878088,875966549,886059956,892934834,905690493
113864360,127866171,142962097,153180945,166839029,184240237,218289580,552041013,852765793,869449311,883077417,900452946,912146755,920589329
114946772,132740012,154828147,168385188,181886234,206353052,232375144,533631077,849309692,859379922,876850635,886372603,893284500,907489385
115098781,128577228,143457877,157033895,168341471,184535654,218998903,538457958,853031776,870267648,883865754,903128660,912148287,921122004
116009708,128608226,144825452,157069958,171041492,185089028,207531349,539239866,854223133,872937094,884204377,904522559,912575102,921169944
116051729,129295697,143000311,154568525,165515719,184508643,211004864,646072495,834801883,853249997,867008559,882492315,896213203,913678619
116322091,131147165,144529581,154189416,162891845,176457912,233844801,686747289,818245311,846166935,857957970,874295713,886736022,909552759
116325531,129215007,145062973,157403770,172616978,187717240,221916823,510745814,859393003,874027143,884418558,905367181,913366812,921814320
117190334,135529333,143187472,169194522,183386440,193408086,206502720,568714333,849554556,860194571,878020384,886640583,895724613,908341626
117336869,132237454,144073834,157175589,167831408,187062493,195798485,634845031,838277557,854024802,871072887,883008352,899290128,916022530
117619332,131172254,144553105,154616794,163516342,176799924,234158114,663986388,833381290,846397312,857965579,875002252,886767232,909745236
117801087,135761649,158423206,169430145,183546480,194846850,238673859,517212490,849708352,861979560,878218957,886749478,897866576,908591718
117890838,127011075,141241164,154367331,165294347,186768741,199498403,759947981,818022663,832089844,846990302,859629308,888278779,902344213
117942306,133733775,144212209,157183378,168729965,187522277,212951626,610075441,839880179,854158241,871085189,883449512,900298265,916041600
118149308,129699362,145458435,159718696,177084353,210849173,222652427,467579238,860565585,874259922,886407995,906102880,915099288,922404465
118171500,129790778,145929275,154795493,165216110,185614711,215952378,713362028,811720519,832083351,864255845,877696434,885928371,899335848
118710419,147277762,159012175,170719525,183699566,195082947,239709188,496997489,850021616,864030799,879562541,886912531,898192278,908817801
120052045,133404072,155710382,165071602,178256542,192793846,209991890,623563537,835073201,848278387,859726628,875548357,889074785,911628580
120341564,130408147,145640843,160126195,177914694,188807093,223292616,485738921,861663083,874358311,886820784,906133380,915530866,922889339
120732128,130660566,142463205,156155635,167487937,201147653,211166846,688136015,821837598,833265323,848393113,877764328,889697508,907954588
120967449,132469990,145971557,161228745,178059229,213834728,223441791,449033956,863352496,875348619,889470144,907151520,915782687,923653605
121381479,214498870,223592604,239353622,261408765,305045307,320998843,675498562,741018714,752114070,765789480,777239884,792681041,804996246
121973664,133974034,151741150,158536829,175098060,193184155,210610838,608437651,837421033,853038812,869975865,880511620,892965400,908265467
125396578,196808580,208801987,225801269,232751338,252154220,547997217,694150450,717681087,732370320,748177668,758206111,769407194,787270295
127582698,144352961,177405064,189040840,201983695,244947639,673213753,701873089,723123267,738048600,750778721,761428180,775004887,788126275
127831772,141185401,151905813,163144152,177639392,187863373,201984040,606845321,830385549,854487102,872901965,885634173,892132689,904638151
129992801,174284501,204857896,220416058,230181242,286918353,416371324,718281431,729852647,750076570,761965021,780106317,789031581,804264928
133323821,154086215,164878741,191818694,205689566,224105001,644059475,715465318,729248843,742636025,751481251,767902921,781514412,791895379
135102300,145797564,158143781,194475855,208770602,270119508,579662225,719054038,732535992,746578320,754577558,772513913,783766537,795791108
135699449,159155681,170667686,197299456,227575149,257181599,529059060,719983282,735894223,747158478,757885464,774153537,784568689,800243953
136251474,159701584,194532442,223051755,231551101,242940531,617307473,692990448,714014110,728287645,744004371,757359169,769046932,785710233
137199017,177638228,195611038,223072347,231674395,243665254,590239251,693661419,716284265,732186266,744467131,757485268,769160582,785870987
140377066,164829299,195699728,212824263,224124938,241616558,516535634,709777482,725367855,737430703,755991180,777732350,794898740,800707750
141074785,190277472,205489884,218611032,230991077,253665630,529299862,695538761,714828855,732461765,747124792,764596576,781581958,790593628
145393048,234409995,250490519,265506073,278081586,289978170,304245160,593882018,727903753,742184113,755250510,777931333,810381976,821483994
145754160,157782462,166028326,177863035,225659914,239470359,588314053,717073079,732495925,746272083,752999249,770701117,781657895,793526356
146051945,166903158,181076734,217782193,236086971,251474106,666566250,695993522,705963226,720463371,728594429,743975035,757960299,780531397
146265277,194571506,221771178,233707915,244690755,272893117,334862938,721192127,731513530,752485008,763566659,782715119,791742001,805104826
147430034,204250805,222941085,237036679,247155508,273772108,406838979,708158690,726753721,739778490,751765069,762884710,778115075,793046585
147551594,159698891,194208377,207311601,231321306,258078511,616692364,691194790,712778699,727716743,743693210,756275637,767604803,785703644
147925515,174786992,203686262,215589800,229209954,245102059,574820632,693903972,708114640,730804181,743052828,760734309,780448533,789511463
150800291,180434306,196050519,216244315,224220947,231679312,490278404,710232201,726132979,739898696,756917806,777761032,795771042,801376454
150881148,158715226,167286602,194685426,209221311,226843729,580124613,719082046,734782075,746789655,755218706,773254319,784139399,797995245
151650834,199911689,211930284,229640370,243255436,286228763,331316324,721987661,737574906,747609285,762038324,774766868,786482916,815521100
151816101,159130636,193848146,236940309,248760367,287964979,516706353,707459131,717986945,732308454,744342799,756137809,768542018,777907702
152666664,197477081,209344242,225972361,232987258,253930863,511478324,694433448,718239880,736060313,748201353,758368671,770577262,787595896
152702624,200330767,218236970,237748334,244209479,260267419,286559335,722250490,739807990,748373506,778135853,787022579,804462132,817244796
152894347,195748362,210877811,224550781,237375691,264068948,502328660,708028656,718118896,734120286,745357080,756329745,768566894,779884571
152915547,196870715,211089311,225945312,237709958,264541009,491024662,708455759,718578551,734493084,746077178,758578422,769214168,780163242
153447188,190153725,220235830,238362027,245166981,262500858,323913840,653403078,748847327,766171857,779190574,788922780,808243692,817590704
153777551,200589892,212959220,226209306,238752627,280714875,454311954,710835984,722220657,738213269,747250156,759244197,769816005,780830025
156069026,210475446,250944922,265884486,278418535,290152657,311257250,556488976,728109640,743256590,778426202,796276842,810617771,822028076
159170804,176238112,204963046,217494257,230782982,253286637,539543101,694749392,710457847,731241814,746817904,763465073,780475861,789568814
159414293,185236727,211636336,228756109,271717953,285809001,330910276,720203474,736371405,747182392,761608773,774214363,785364816,800663116
159480270,183745952,210181839,222766935,251598949,268753394,501080039,692808269,711279433,724134310,737395481,762147198,781010248,791925735
159735772,196237022,211487728,223053398,240281553,268827974,484892648,698261609,711887726,724199201,740335954,762601201,782217455,792198012
159870887,184780677,198620932,223117964,255025626,271872091,557899204,696585489,707391405,721444303,729338851,746106898,761115980,784230931
159884351,170901165,200012709,223119943,238707157,256991991,597303179,696800335,707992505,721951403,729894295,747252546,761645514,784836345
160769433,200861723,218964617,238062805,244396045,260417757,306619882,663664410,748526037,765167759,778433086,788164056,805784794,817451041
161020923,179152597,194035855,220951558,242685176,255286310,406609999,719099781,731077498,750476943,762591536,780580564,789214419,804313106
161026675,185344413,197750786,240440861,255533033,285608821,451902678,700710104,711976768,724348480,743983179,762643346,782540855,792234126
162501083,190549147,207049097,219650913,231704805,246922816,508300501,696306190,715729621,732944476,747602844,764895457,781991662,791528769
162663780,189285100,202123860,219046272,245338032,254658385,477592967,704399831,724679151,739443983,750935200,761611047,775576641,789024744
162889877,196304789,224640162,242397625,262515124,275756313,286654507,705625051,741222218,753678711,767423160,777295679,793775471,806469970
162918462,198708625,225894993,244065715,267445596,287046209,307667275,633679751,742631531,754491270,767493780,777358927,807077441,819677625
163067642,203466188,220634729,238663857,245550212,263080091,289868146,642265682,749456508,767674841,779481568,790255595,808690326,836926506
163568020,182842848,191195815,236284493,246608038,255335153,464830422,707928130,725021441,739762205,751123485,762217017,778100638,793007126
163635941,200613507,213878425,228575167,239436742,254722458,455399086,711339535,725141156,738487815,747671981,764102023,770895279,782748734
163877817,181088684,207924470,221245268,244080697,256862267,381453677,719113223,731255632,752159259,763078076,781520512,791215531,804629815
166609603,184026228,196172124,216318631,232382320,243467086,444449159,710568769,726577089,742843252,756997047,777856884,796306252,804529645
167861697,184333818,197403685,221643501,254196343,271014177,557894716,696573743,707257639,721034027,729329936,745333169,760694091,783973278
170755082,184305796,196568436,216510492,225115800,233837049,444960631,711989285,727186652,745543046,757728899,781456466,796458233,806086573
170797490,184992560,198391697,216561207,233854907,243893600,415620348,712621183,728292801,746205691,759085808,782082396,796876869,806589167
171091055,185004263,216572587,225649618,234923037,258001505,362349072,715589803,729331659,746965144,762992735,782742605,798223466,807030523
171250467,187004532,200145327,224234092,242821926,257782118,558367796,697277192,709531907,722129792,731581039,747260120,763901250,786581490
172038288,200001110,217803621,237312648,243268396,274243165,332375800,690052833,739540992,748159959,763509048,777963239,786811885,815668360
172082219,189950186,204798275,219870606,229983722,263473551,388882578,717983889,729667683,749708296,761568183,779304737,788782984,803155160
172116363,187243735,200352415,228094826,243383944,284527504,517122454,699796861,710266182,722459381,732184211,748072948,764805902,786749581
173502473,230322826,246574535,260442105,275405847,286137672,316382435,700789577,711775754,722820153,732490312,748862628,787680322,803821363
173564769,187614584,197958122,215038174,226981009,283172685,525895128,690159054,705263238,729529378,741678751,756457137,775053653,787828582
174019169,188148374,198885028,215172691,227209186,262392146,538333855,691950464,706917890,730447640,742100283,757650671,776210589,788580969
174799162,232978573,247533048,261875417,276212549,286889329,332279592,618629501,714474984,735873470,750887220,771197696,790272816,805068646
176801181,190704516,220816645,239027544,248825349,264883477,310063217,599121756,751311273,767795911,781009368,790556843,820465865,838305145
177543884,213593073,224806888,258817677,271957287,281212963,308736999,704601609,712569484,727274160,751154368,769442850,785619475,812565560
177690506,195842366,208768992,224330400,232468142,244601219,509237699,693842429,716763604,732194700,746951258,758020039,769202361,786382809
178117378,210016260,229483411,240859086,250638112,269950210,302625304,464851316,776585465,788825722,799820004,814468441,828774671,843128861
179221620,200202750,212185309,226208470,237830898,265040145,453703872,709436609,719747855,736337295,747138736,759227946,769591861,780300882
181493711,195116267,221793213,234407641,247059797,274354446,308311406,697802516,734154846,753171663,763825915,783596091,794431324,806532979
185843536,198674508,211682446,223865245,256993645,269267249,419781825,701848215,712130781,725335730,747620179,762930022,784305830,795717004
185968204,199131017,212690739,241982139,258240844,270340766,389979003,702077080,712335105,725491333,749816245,767693703,784497148,796262924
186063682,233148660,242988985,256824871,271182305,282650511,297030131,564593991,740844079,752165845,773421693,784837835,798081939,812200513
186263879,200946822,226314089,235180021,245231996,277516410,297101387,593053468,748541085,763412646,783380377,798467442,807183129,834252025
187312516,201202812,217956876,226829136,236749237,261145532,318899886,577663064,749918668,764329894,783768688,807713709,822282881,840529177
188163749,219579403,227875133,237002395,246684209,263653252,299655070,563558548,750398014,764836550,786774985,798662228,808626118,841530307
188541942,228450726,235617270,247665214,255481059,271030894,287707108,653322354,740738472,753013387,763438149,778394857,790320948,803522012
188649960,235141839,259178244,273858463,282329047,302863458,343175776,358153711,683262137,788301093,800226782,813284568,828377505,840211733
188729486,217747538,239744903,252419898,262405578,281621055,315739068,385834104,776835439,787771684,798604427,817528247,832877656,841777948
188966094,220256261,227925589,237908187,249819482,282280857,299852337,507014139,750923442,769293405,787520231,809508470,824062643,842410811
189352221,218674767,239753941,254076402,263424942,281726288,301993369,386170246,777030398,788215428,799535104,817704472,835197150,843430404
189539972,207743519,247633030,261943790,277181256,287263614,318795879,619127567,725082365,737437763,752840511,773194823,790377487,808028670
190400169,227961282,247669059,262682298,273028886,283657834,323501008,441616821,729235151,779414409,789532903,800621078,815606617,833363595
190790588,208009051,247891398,264076023,277316126,287917275,303949707,619320744,727212701,737444922,753410437,777400042,792697754,809218017
190975094,237564711,261147482,274905932,282535605,304727793,318560957,369914907,674024530,791898270,802497582,816998450,829320981,843613627
191563790,207587176,220691576,259662899,272697255,284060018,312710954,576712440,741852206,752962416,774507393,786221314,799265611,815194869
191841461,223218610,229477627,240491263,250522292,266411190,302580464,496300472,751389220,774937813,788571852,813192446,827905348,843003864
192528119,220264648,233223272,253936335,264246777,273394691,288623186,645204424,733553987,747690441,765172068,782295260,791656875,804135774
192776018,217828300,248230592,265614130,273282583,283716645,324318611,441938784,729994467,779417731,789643905,800826949,817049797,834560399
193197531,210478948,233911861,248200499,255542026,265027276,275421934,645359610,734751450,749052603,765415471,791995381,805346457,822222935
193850477,221544883,237351206,248880935,256035172,277860255,290130209,563183598,735370116,767835012,784976041,792107347,806208546,822925157
194115049,223750943,237792974,250346370,265639218,280060130,290762165,580864329,736914020,751255367,769564199,785344441,808254697,823808281
194509763,211042349,223789251,250463493,256768287,266165501,307273040,548392538,752565003,769624080,785783500,795334693,811324297,824745679
194994601,210953204,223952672,230716748,241233334,271127415,312619754,452834398,777483544,792367810,800082758,814973099,829227745,843768153
195185430,209870678,224524652,235631646,260085602,274686537,309082171,559479292,753479681,763883022,784416565,794857049,806599954,827919793
195468262,225900455,239480491,251902964,262618549,279721987,299637881,485192619,756244705,771046940,780147441,799606861,816467104,834163956
195810293,224543975,239454111,251659213,259841019,267604743,280995633,537430206,738511145,774649723,787463452,796912081,814886830,825867137
197142487,228218199,239788002,252089464,262957876,280172873,300523829,485970821,746439607,771345271,780489298,800462651,817120681,835830366
198719759,226127451,233605766,245272055,254234255,284213619,320430860,694527072,720163151,736148156,748406404,758858550,774175019,801240457
198838422,216227287,226797381,244615656,267829202,278157951,327093907,585898422,743143597,757494598,768831547,777619394,795255626,808709712
199905997,216947735,228038041,248000722,267831310,278757536,309671986,571575208,743384488,758052834,768864847,777804339,809426561,821397249
200470990,217943301,228072466,254099550,268331706,279529659,310492762,527994590,743886242,759355860,778450270,796503064,809448108,821888108
200518587,214161149,228139152,249199883,279551273,294469979,310854262,385152140,770482901,784926544,796766907,813903832,829895158,840018414
201182130,215691654,228187714,250635456,280397481,295927157,311485764,373764978,772060685,785759537,797315577,814124878,830699033,840377617
202200793,228931888,237126146,248205987,256506461,271277529,308388629,611168327,741914962,753402346,766050183,779322461,790932442,804106822
202730961,214111525,243108175,261625058,272251710,282185821,320326484,508060278,728432620,752920830,776245887,788464957,814402761,830972825
203011293,231511737,239729545,255868080,265891469,296950328,339403621,574246580,725277008,747769302,764962320,771244214,784215813,796681043
203086796,223096793,228770816,239534908,250017581,266396535,300873255,507315738,751342208,774055010,788183004,799231781,825002822,842963943
203221554,229734355,254912135,268689043,280085508,311197545,331959100,365818381,759577920,771665463,779364563,797473253,809532584,835224477
204744593,232134839,240798696,256358638,270015294,282335591,340374204,563208969,739560500,749715356,765133724,771273918,784738481,798057974
205042723,230189049,238107386,250060973,257392008,289441910,299789589,553355039,742535000,754061062,766516625,782872606,806186103,823276100
205480403,232382696,246738560,261091677,275768252,286250717,302367215,674737189,713026621,723023000,734912408,749940524,789689078,803867312
205936594,220378120,230547124,250184741,257892769,275965996,299851123,570440290,742849277,754830569,766854824,785543358,809746293,826586888
206301366,224018601,237283983,250328365,258192420,273909717,309899335,598970266,739876835,752061358,764230857,778903926,793782455,811648532
206760048,220451960,234101658,257853300,282834886,311793469,324883067,495109890,741171959,752398356,774008663,785666774,798137683,812437411
206860927,224509338,238146660,250802641,260316488,275923712,313602185,545924839,739920618,753510447,767415437,779122870,812784072,829005551
206866780,221005734,250497387,266775673,275076249,284945298,314056951,384455211,759962245,779897977,790475153,803702306,822204747,835794800
206867092,225312892,238252004,251501857,260950743,278497486,339141740,529588187,740600963,753964828,768019167,779247979,796149906,831366218
207480484,231586400,255884733,270168474,280983810,293125144,332377546,366427668,746181013,772039517,783292944,797820775,823621416,836553916
207929226,225343885,238962106,251772867,260985814,279064166,314373334,484725137,741215126,769820745,779824242,796257947,815611097,831417800
207960073,251692180,269368858,282775930,313282910,460480091,601029237,618856216,635331194,647371487,658822877,670311047,682490756,696808293
208634802,234199370,249206888,264329624,277650351,289815437,319152373,519623664,716970409,739828352,753978378,795704746,809332209,821152811
208936337,221314658,258605880,272023059,282163880,301464197,315328256,366561317,712165547,784110566,799821595,810855162,826656956,838019373
209081964,233766635,258747526,273474241,282172420,301932668,316093121,357668194,702267978,785427940,800166039,811503314,827145625,839138499
209534713,240856987,271283407,285324743,319773517,436237564,604966770,624051345,637005103,648426998,660102248,673287775,685802528,702327000
209899736,221743837,234877099,259798218,274157476,315662478,345159964,459799336,742708600,753878530,775443435,788483659,799443418,816384412
209905132,222038550,250652190,267524238,275738858,285130958,301726870,386531214,760769965,780849648,791119118,804482825,822994742,837952272
210340924,226217339,233934360,246069485,254498927,267167955,285103874,698516118,720535383,739089121,749449919,778094769,788181728,801334022
210557804,224561270,236391999,247952924,260239069,277992833,310590847,437148309,757116957,765583995,794994926,806831536,828564137,839145365
210709292,263392804,278366824,301315509,380886927,421639184,594901597,608786037,616657008,630164514,648652511,667708237,680907190,695454806
210884613,228403534,235057284,247530819,254906894,268887527,307819911,637417931,721359719,750911035,763235334,778373490,789371463,803452173
212193520,236067475,260800527,273865492,282332503,304244953,318409433,343231300,687407799,789494282,801300052,816957906,829041416,842972622
212376921,225775075,236715849,248328707,261162081,278480866,323222596,438928508,757133708,768531573,784601840,794995304,828636323,839788950
212751711,224236092,238471288,250930544,258928848,266988888,308297210,524616116,738012110,753190752,787370875,795872339,811926415,825469812
213318122,225318006,240892734,251733665,260223668,269368777,294921667,483650689,754632949,774728108,787551881,796934144,816330691,827296239
213624872,225707085,242819629,261400761,272045967,289699874,308860611,529461530,728358597,751186422,775335546,785952412,798305796,814075805
213652360,230412321,240435354,252267302,263152691,300962788,318924674,409674236,757032843,771604289,782356015,801298099,819112751,836349679
213858038,231110120,241763133,252541672,264696647,304099925,319249961,403465992,747232563,772390015,786065086,803641964,820786906,836444883
214722264,227285032,245468100,262436373,273025239,283505326,337094995,458298364,728675215,754603441,776714288,788637640,815385744,832917227
214885474,300931102,317795517,334780111,348108044,357071342,463912698,623847352,632491509,639497659,649588200,661948816,674321077,776593168
217354633,228268519,237871310,251287258,262357365,281225100,300987627,398354883,746761945,786667999,798052684,817094887,832338975,840803389
217557140,229914311,237823045,250001726,257152661,272455635,288902543,602631475,742096444,753577995,766132859,781167175,792334885,804552595
217776614,233252872,253711167,268406108,431844430,567126392,574283232,596334155,611142749,623479181,634303492,644268047,655150243,688491737
218640789,235696672,249143988,266246962,273752364,284403364,298924537,384259665,759277389,779690574,790462093,803087122,820489583,835549168
220711291,232751102,258247925,270190218,281421260,301197193,311939249,332521686,760809050,774326846,783429291,810280135,824164004,836794629
222367202,235003515,245598390,262714636,274344812,285238199,316703871,450320384,755275614,768114202,775553791,789431488,800156763,818667493
222806124,235934746,247477569,263165957,276396487,287463782,333012398,440127862,743524935,755589314,777815868,790434853,801048816,821271397
224733455,254807422,292401054,304464335,313892660,356632698,601917349,615914371,633897333,652208302,668958149,682128792,693267999,700566154
225791018,240134236,251853362,297750733,348835131,416274153,603387290,619204853,635384055,647510016,659000857,670442547,684106749,698514407
231585352,251737139,272634780,312992815,326902458,367882234,598706184,615050800,633008637,648745691,665683748,679096910,692601545,699777986
232169161,303049627,319733325,339296142,349405096,359262063,429748111,624174697,633454787,640921204,654232015,662416964,675677531,776184795
235491485,291199513,308218486,321168211,337514647,363442718,597124330,612852705,624837901,634382903,645676540,657457491,678582125,688761122
237288145,279349208,291826491,304652748,312140518,506774511,584647500,595727596,615491751,625437344,641561401,655079808,669729553,679538015
238154398,280977346,293122086,314344426,340229696,453898872,584817390,596199197,615864858,630585257,643072061,657236382,671434620,679756187
239163828,249913625,265529723,280334216,310323675,514611397,587524658,599225299,615649477,634703741,657847784,668166579,680142683,695470604
239360813,251685155,268708650,281860997,363917094,498935022,587635026,600877326,615900248,635197288,645795868,658476007,669075267,682483470
239712754,250279589,276119895,300572169,450222033,545289763,558102570,570640830,589543040,604285464,629555055,643020709,663791790,677726628
240150401,276693621,301907783,317406024,343965169,434845164,591730163,602942132,617482154,628481565,640848187,650863055,667485925,681250803
240485041,256990847,270623425,284300795,319388170,399220666,603510447,623434326,636686176,647559446,659722582,670953610,684831614,699281308
240682873,254798143,282184382,303069001,316839582,364519006,574671458,628646222,639247372,652580795,665558362,676478467,694104322,706420936
241466022,264638352,303183264,317563583,333622613,352167652,504603493,630504241,642839216,653089429,668029354,679915502,694374305,710609765
241785875,342723568,418728219,464338842,478794419,493608777,508016171,526537682,542840052,562629100,573071632,589311738,606161384,651316893
242221892,252034805,269395999,295744386,310565350,574230080,586812534,598956459,612232080,628475562,637678703,653143018,659654234,677344704
242291410,258905657,303187122,321081202,353442633,381265545,502700239,624492645,637423916,649280068,660166721,674099424,685857771,703064727
242585696,288331814,319728320,331961121,350706482,380046759,564181617,606654709,621254609,632088329,644386588,658266780,671348235,684999362
242653286,252671869,283187877,296361363,310970160,553412573,587012686,599683768,612415329,628507416,639461368,653447197,661152531,677473739
242700668,254600487,273271555,303842962,313297129,369137631,600690305,615638848,633658959,648920182,668232120,679430087,692907457,700032377
243106379,379936615,407079180,453287270,464434240,478962009,508796618,528442587,546251747,563668261,574380764,589911182,608935800,650378805
243740952,273783039,293400103,304845201,315097304,356782104,556985382,617422531,635530244,653895810,669207171,682354317,694430070,700668362
244776627,277405677,295787168,306759032,316895065,389232334,503111665,623882155,636635594,654652011,670031612,682869811,695022925,701595581
245175732,263851734,278704690,294192483,330631525,559506142,576297871,591495917,607822535,621355500,631408082,646323213,666454258,685603976
245226835,265637732,280785412,306509119,319746254,539844157,579481114,593257572,608194074,622365801,633329821,648423826,667164748,685707087
245522555,262655461,270736033,286200124,333670028,519617591,589311090,601124499,614564453,629264338,643952226,655252507,663923454,679811044
245949331,263326228,286664075,299069909,333735608,487201526,589588247,601300257,615347452,629937127,644161304,655951696,665688290,680793568
246997218,303360497,320315983,337848116,357256721,401750742,454675711,604026861,617444247,630609366,656338196,667102223,681888294,716972103
249408822,278617851,292224875,304652725,351075663,370701660,595140075,610048704,619327953,630243870,650085483,668213728,683323575,695978993
250358723,260092495,276923327,291639795,426063970,545980272,558135285,571090132,589637648,604902586,630144868,643767575,664880442,683399845
250380277,279352696,292793500,304768576,351394358,383493787,571032565,610835347,619459550,631188378,650695532,670521886,683426921,696705376
251290707,280000874,293615398,305160668,321294892,385194931,595581035,611957477,620304554,631919426,650900546,671212102,683725626,697214033
251584335,265233351,294769231,306378872,338033878,374507048,596100643,612382206,621323444,632160064,650912894,672475651,685531021,697384305
251889658,260564274,277959494,303256445,377998302,546008416,558234355,571227925,607148680,617633841,630882844,645412317,665411608,684282071
251904103,260607271,277963744,305072426,345575233,538386795,573523536,590491287,607589061,619202764,631042204,645689547,665745282,684362669
252716066,344337898,422255402,454372900,465855500,481880817,509145473,528778346,547190865,564398789,575588502,590292412,614763105,648303871
253199317,262519517,270613136,296667922,332211631,519561246,589109919,599899758,612648774,628781869,640411719,654633826,661543481,677649571
253200132,304568281,322505490,339411987,349767738,359548119,396415517,624489647,633860867,642570963,654493322,663069313,675762136,775123746
253861729,263951949,287818988,301578032,316995402,487947709,590040398,602791743,616034163,630062265,644281720,656151715,666435797,681135198
254924117,285387400,305060952,327701479,358501006,377968787,591919414,604818369,618240812,629147553,641251586,651533006,667999028,681311648
256517408,307108823,322881716,342600223,378242370,386883933,407197063,535322672,634230583,657823462,669517778,683670111,698859666,717258889
257686504,292651558,307436116,354889709,366862373,382424397,393403160,576497575,644120305,656529070,670246627,687106246,697375172,711922603
257845591,275657574,294029129,305217003,316659029,344593042,539625668,623720143,636107486,653968965,669506701,682574251,694584477,701520011
257873154,294435455,309009936,326744130,337568558,345006097,575711252,614675238,625260993,635497559,646752012,659915778,680679837,689675728
257978422,293102540,320526408,335018031,356061958,368067098,393589010,577815776,644844586,657401511,670498069,687711152,711936939,724132042
259252991,272006961,304437759,321598560,353689026,382666655,463279942,625437776,637489465,649305568,660212306,676208797,687820727,703369240
259664588,274477471,300824693,305622180,342462849,412937180,585281634,602393965,617802513,636605223,645078672,660087963,673519649,682741591
259934739,286332692,306020813,322390775,355686885,386060226,438797024,583537604,638963673,651977596,661031091,677261615,709362067,722189411
260842610,306970639,317237315,334520264,346123243,362800327,373706229,493543533,670454429,685200507,695379109,701672447,719713013,729734640
261398712,325477000,338970506,359554982,372290078,397546997,410274132,441382578,496575595,690999847,701376260,714529954,728158194,759730966
261516334,325980835,339695364,359855817,385655963,411545192,428854644,442961141,462362551,675529067,701721731,714775119,728654770,760122546
262138729,304978038,323685013,340548784,350503022,360336786,390358964,624708877,635001716,643632752,655452696,663141732,676000601,765734656
265227231,371905923,405876502,438523391,474887694,491430402,504974589,525974950,542170959,562224195,572586058,585436544,604458112,652668290
265452378,306364283,320870826,340042935,358658532,377605662,424866958,620085154,633791758,645563743,656663728,669367413,682406410,697063854
265511429,281229790,295475004,308381723,321766157,375072246,572933394,612576919,621566271,632240236,655787277,672720955,686578416,698060809
265571711,309736748,320319188,337013847,348274810,364830665,376403659,460401436,673472957,689059477,697593274,703028860,720611183,730910671
266252084,297514932,306530014,331368717,356518709,396996016,579519012,594647384,608568764,622584430,633854022,651130833,668533358,685788394
268059477,305575514,325928996,340834105,351215852,360983031,370830367,624762345,635115656,644054243,656353500,663332498,681400193,765391219
268916532,277296340,305925164,317973065,328135301,407595727,592417988,605068744,619955171,630242726,641805771,651651329,668913282,681329804
270170523,306297125,327039336,340863061,351961710,362038195,380778475,625823103,635497981,644980090,656434941,664284079,681755650,752043678
270550111,289997025,304433338,317743721,333873263,380473223,416743071,630843023,643003201,654976154,668146075,681256962,695016560,711152875
270823083,290212101,307097765,318061240,334254142,353844382,435051036,631670370,644039384,655982547,669509498,681676885,695766935,711588655
270966570,279019008,291322931,320839045,337859977,536420711,568561171,584356693,595705224,614183930,625303661,641037888,654174442,678922859
272152901,298891855,342821533,359473580,377719337,390471072,401808691,414251487,639742901,663824782,687825222,704312576,714834192,728633216
273144777,283185460,299722655,314773844,324241405,442238349,573229750,585225370,615963947,632300294,644177850,657693935,671750349,681760434
273365040,293099772,308659810,321393940,337544203,375239600,539222990,613811945,624905750,634823631,646604473,659139807,679355576,689453786
273978156,284005640,300792713,305601537,326281781,410722616,585258578,598816105,616660699,636268972,644685912,659770905,672307445,682701596
274008597,309056130,327152623,336110306,350275288,363894108,421082803,544217320,627666511,640429934,676798343,690640852,712011682,724902794
274951344,306056188,322623810,335911064,355896531,372955750,405691382,591642016,639543777,652246858,662858995,677639795,691359641,709701401
275144523,284528549,346036518,360853239,370125938,385501464,420665532,487391466,640093954,652063860,664682019,688177876,704994139,719035990
275718818,289397290,323179549,336114732,356372136,373152779,405938040,540144085,639711015,652910159,677852989,691918504,711114443,724319320
276358218,289659721,307968128,337998961,358606643,373271556,427482685,465090725,640372823,664778473,677903239,711476061,725005645,740094341
277571667,321744036,349402467,363644587,373273581,398076038,408807360,462131009,582307768,667693191,676508415,689167285,706746335,720002956
278982864,308660209,324529430,339797500,359768456,373493547,395057295,458882642,655085913,664837501,678163870,693889024,726209762,741831839
279740958,290049427,324901421,340828853,361702348,374049566,395694938,444962063,656881134,667505432,678552805,713494981,728634284,741862429
280303516,286491888,306390080,318146001,328520157,379610162,593331927,605669415,620526869,630844319,642926843,652143924,669655499,681880768
280414579,292087854,323262504,343678609,363170199,378936817,458928069,490177438,634474018,658142553,669868815,684216123,699464832,722339372
280431744,297709901,307599061,334845775,346915376,375706309,390166241,458418415,671055833,686294314,696605191,701743497,720078332,730226130
280463770,287971808,307269980,318578307,350246540,379890895,562438474,605879306,620945203,631854660,643801120,656772539,670665498,682198642
280765095,293620600,323763766,344970207,364111784,379312029,409439040,514360182,648906671,658161933,670120553,685316688,700041954,726415841
281510923,309965569,329315486,348087041,366778174,379827531,394129097,471945535,635789747,651468833,673127600,688691155,727241520,740944618
281914823,309801303,323244487,358140454,375677240,388272892,400676152,494266887,635099611,656806046,673209218,686612235,700197280,713041176
281967559,320180904,335089757,350820524,365800191,380371779,391628703,492683706,644746265,660198373,672116644,685517153,704625405,714023815
281981944,309731727,320197802,336859758,363715269,375885844,390881347,408311757,671560121,687359665,696648107,702601760,720134458,730776557
283295854,307872406,327049630,342083173,352703160,365047756,373162861,606211505,635878787,645037885,656974389,670324637,681813568,748912513
283299439,298018285,365082596,486289866,501287223,519705065,522079680,534337983,551794022,554570838,570287051,583993284,584380002,643563063
284362943,331639343,339524456,356877148,370597122,386036967,402875376,458678797,551398629,668579416,685382780,697393581,718397384,746970320
284410676,299955637,328980209,367850538,379236611,391368835,402745939,415752664,607145659,677277946,690787598,705374230,717046949,730256039
285147686,310339342,321048974,339238236,348730910,365263128,391335635,418709983,674359022,689474718,697866933,703884174,722287851,731358764
285727044,310798612,321324928,340835310,348744957,365391905,392275341,435769870,644919848,689769575,698047281,705295059,724502860,734110176
286798453,298613504,321808683,333536992,358941907,383389734,469695787,598587311,608756521,625357183,651616099,672883201,687708766,701583782
287188500,332597523,339594125,357785014,370668952,386435361,411544252,423940222,579362199,668924330,685614418,697932462,719944146,737757581
287777717,298811937,324280400,335393099,349529361,361288222,431187898,584953241,626882162,639783218,654882396,675405031,706616570,722864433
287888692,311744875,322857368,340883085,350948040,365646957,394591020,420451121,647347995,690183765,698737741,706119479,724708285,736301282
288252669,302925984,326371130,340957147,352020111,367715350,380313354,396636218,679064532,692317801,699291065,708638700,725232954,737118197
288334298,310661253,327833319,342257252,353547886,365061124,374143905,606496176,636042258,645492404,658151725,670683552,681847075,738343735
288789455,309005459,349425727,364254004,375296266,390531508,408869586,423927584,620212631,668078273,678082800,691311407,707153603,723833392
288873066,306335889,320764810,338231870,358051838,377071793,455227582,578337789,617787839,633211061,656574557,668315672,682008125,717015798
289404465,312106277,329108241,343747542,353822705,365235803,382630512,590642349,636391242,645554530,658338274,670925340,682213251,737100594
289511196,344717911,408742050,423252188,454379162,498065148,509516116,529905804,547834295,564692278,576824595,591423560,615197966,641554375
289705267,328435229,350372663,364265192,375635776,390932854,398261328,440005389,586550045,669289366,678550537,693309012,707460683,724194251
290197555,311024506,337056827,351235110,366748199,380797113,391783633,480491053,645339775,662756505,673759093,687059775,704949754,715710381
290428358,309932592,327261972,336560340,350800631,364297323,390958213,517720646,642020517,662443169,677287368,690962035,712634548,725455699
290552862,311168538,322818603,353943491,367714574,380983250,434158484,441111932,646689344,663287105,675049837,687752558,705327404,716740849
291392468,313558141,329602266,344715679,354523258,365754058,382672898,591566944,636584981,645778677,658816153,671333005,687688752,717915932
291574633,330296331,353211617,365084769,376737997,391082419,398870026,456442468,550628684,670166926,681000955,694150382,708596258,728316304
292155271,354826934,378348424,391450403,398939319,415682927,428673610,441392165,499759454,516809867,696705633,710428504,728413702,746177831
292838916,296485380,328156382,450367732,502781065,521541939,528984211,538626238,554551969,568972834,572017271,584316334,629047065,631079239
293236673,314776071,330093268,346708499,356231875,366119285,383227971,579673192,638262981,646206450,660084892,673103754,691504299,717846092
293338471,320954751,335574294,357849686,368842711,384237689,408617348,436518762,535846644,687889609,698740400,712506537,724301557,734685282
293562033,315855931,330160235,346887749,356320336,367260070,377729214,571733210,638728668,646327957,660951394,673212387,700264773,717121590
293576163,323057757,335840527,357912580,369188211,384322956,394468488,408873808,568649342,687906492,699928705,713335659,724404053,734969163
293868829,309600114,327635039,345982160,366262624,379365864,393109079,483506420,651312103,658188573,671205693,686847869,703013567,726694476
294262858,310752948,336830466,359117874,384969160,394890567,409214270,426271251,515647820,689262213,700556391,713808623,726612281,735983479
294427256,316849880,330599611,347251167,356340506,368560535,377947206,567810089,639194420,647819805,661135048,673762132,702412093,712867591
294575995,316870611,330701911,347448777,356990985,368728369,377987342,572055038,639236817,647970451,661883353,673863057,703087198,703691979
296450459,327492977,338357443,346659963,367413948,379942941,397161264,435231125,636893279,660686389,683163416,690333010,710101158,728188490
296965868,310152826,323530338,358584334,375735667,388407411,400882384,457621922,637339633,658892763,673945353,686707409,701694987,725463392
297132896,329145275,338759778,346908523,367718413,397503815,407752879,436338403,614879469,647607677,683275735,690983533,711766569,728842171
297551984,306645146,320637460,332014471,347356778,370222494,550042925,597446005,608681967,625055897,636506498,651526901,669207147,686109765
297777076,311426325,338146814,354370530,368959672,382987430,423826068,434188168,634101117,663736866,676517634,687844877,706080688,717857455
297872046,311978338,339285277,355953835,370182909,383192160,414946881,434410705,635032178,664373400,676519291,688486335,708809431,718021845
298292801,314193758,329748262,350610008,367909312,380840036,397768038,436588170,637285104,665928100,684038806,692916132,712595787,729105130
298675251,323829734,335313037,348917774,359048756,370390849,385366901,598872777,609551674,626453770,639686175,673957187,704236760,722752236
298875069,309049080,325248183,335801675,349978453,371951586,388998376,569817720,627418402,639947432,655717998,690108575,709211122,724106182
298961892,329924610,339162273,351300281,368144111,382096008,399611175,437011004,617200246,650198286,684081609,695173196,713093898,730605632
299033026,325367109,341403073,356724419,370877144,395582781,415656229,426778752,602006653,666320366,678902320,692220194,709259069,719075166
299457446,328765875,345131015,362262322,378295092,391262331,415040439,436099729,528338134,675069237,690378622,705013927,715940029,728723924
300091750,330996269,346363448,369528265,380393888,391687214,404188038,416989640,531546670,679231440,691315694,706135274,717090181,730941450
300524976,317158010,348239898,369560529,380487004,391888805,418689500,451881606,488990401,679374580,694635629,706921911,717566552,732153309
300993432,305688772,330326959,343493291,357155869,398814028,434128724,603234468,618132418,636915149,646582782,661396898,673986526,684874953
301729307,327158160,342275711,363283794,375697731,402333775,413667308,429536604,473115312,638389273,705057698,715538735,746846567,760992672
303353834,308236525,318523556,344733084,360823044,369945110,388318771,590075686,638084327,651107990,662170714,675075323,686593778,701529421
303446479,369171799,390981496,403064133,416202527,417197129,519148446,552641250,572446799,573372840,590513380,603006470,631664333,656499770
303837019,308871828,333141398,344884547,361380416,376955764,402400780,519201347,638126175,652320615,663424079,675191600,701540182,716494493
304140965,310420140,336001778,348325903,362819244,377252554,404151710,530213393,639168858,652806724,664096139,676670776,688684563,702683227
304288643,320603465,337836501,349350227,364939225,378064397,393699807,428467799,654066798,666401797,678916716,695204075,705728699,719527311
305618822,344925114,389929918,409177789,466829786,498794841,510415515,530139308,548211210,564906786,577420187,593692449,617468848,641483835
305746087,321234967,346772919,362062282,371305473,387386125,397171030,461900809,640443607,653324052,665404790,676438254,688322913,719296880
306270404,390149318,412060787,430088534,454939332,470352986,486691030,500115332,551756764,568242839,577457153,593826062,617563901,639594194
307519606,361452570,392503149,412294920,455356664,470402191,512518722,533784750,553362884,568472575,578519425,593849424,619644805,638282933
308057557,317901638,330854747,344072499,369927730,387717272,434480976,551077033,618584489,637821087,648052238,661721133,686377422,700920826
310074996,319001612,334411835,348154658,362514656,391040120,424571560,436969415,638956204,652512790,675285531,688184855,701574535,716694450
310901046,319648339,337424103,348375190,364727490,377429460,404298333,425806783,653600678,665433074,678250702,690483885,703632976,719517002
311118338,323968326,342564647,358700231,376286302,390190720,413781914,467927551,550136157,660262382,674452764,687386814,714034487,726577061
311585708,355306360,380735592,391548229,399229145,415711616,429182474,442577565,456691846,516982119,696854311,710557469,729248862,760434882
312321883,325156694,340857370,356022222,370505674,394536881,415554277,434533104,590295558,665038621,676636300,688581566,708960731,718987038
313267845,425760390,442736715,456524580,463490335,477819391,491259481,507225921,525019799,544247039,559822190,574602112,589221591,625484737
313664772,376133460,442749953,457174126,467605474,485343835,499173186,518229106,527265191,551193967,562327369,583890220,606575854,606927380
314588123,330278956,339325066,353261360,368289897,382549707,401535363,408880996,603271215,667536395,684372103,695977053,716181119,730696126
315310786,326661253,341815103,361853230,375550588,385820929,412052221,429285762,462526585,637434752,702114914,715484757,760302921,773429828
315549307,325780044,342103956,358200875,371325545,399244084,417051441,476554076,518454484,666493960,679280845,692804657,710784029,724059081
316130847,440866377,464687634,470227564,476022551,482722006,494073769,502202530,513136157,525211879,543481216,558672884,581982072,628279698
316199790,331891792,348708455,364222783,377297989,402502844,415264691,429927270,445549858,651790794,705899004,717544998,729203270,761458675
316202437,395306820,419618380,447589851,462572169,480857004,506282525,518596436,531059135,544066389,559717691,566630954,617440868,631937667
316843330,331057101,339454865,355855006,370048458,384605362,402441232,422734180,572700169,667934989,684729624,697217140,717288715,733238798
317794229,397025370,428902408,447331669,459335562,471194697,488035436,491154759,507178787,549823868,574410307,580982588,615803431,667334070
317840612,397837588,435100829,448985684,461409194,480352899,494536804,513685020,529538219,543832980,556613451,570604585,582678118,666355744
317917821,362236703,402254772,433492781,444570621,464609650,504119749,526137526,547579802,565566985,578256927,588763714,609674432,650661130
319025994,352737029,401395242,435226512,448999010,462767725,513765718,531700145,545717558,556917430,571862923,584417787,607611144,664432756
319876344,369443130,417042531,445684509,467287877,476883644,487374440,503018913,509847440,521549037,548240136,589238698,648272022,693925256
320354498,362047055,393267826,412827907,455810824,471071391,486986714,535614263,553655623,568602692,578606176,597447946,625441230,636999707
320866996,365189384,394969861,412840457,433135273,472470811,504083613,535865633,554564118,568915402,578691613,597961353,626281317,630781006
320876928,366604943,405221943,437160153,458573909,472901277,490668983,504157862,536959357,570246149,579311573,599087938,627627283,630441577
321383079,354048854,402737949,435891007,464032393,485160700,497108867,514109472,548009927,557056320,571918191,585761339,613902715,646226400
326315939,398768269,420780945,456890459,466327144,485183711,497797444,517027333,527036063,550248960,562138974,583228246,598951271,608077200
326551846,363511981,406883982,421363788,433584110,464630581,505202184,531180327,549320709,566202544,578469540,588973442,611262289,648579454
328460752,343956811,380215055,417009540,464492059,483231973,499827902,520405074,537567492,561487182,577041576,593637627,611621183,677264080
329529432,364504896,408657579,422899135,434711630,450090114,505896381,532022184,550079842,567179037,579489331,590454259,614069253,648119621
330197215,345951598,383269738,431094273,450377112,487290237,499903076,522211331,538135748,561699793,577348045,594663866,612242006,664119245
331044947,346940668,386021614,417543591,432781893,489403304,501827812,523681648,540278756,562291985,578249290,594841113,627693188,663981113
331634549,352117953,409687011,418075850,434500532,452147976,502210499,523714456,541675750,566301561,578266304,595268938,627919307,663459905
331882113,419508561,447799760,462466970,473986988,484759905,495943814,507575224,521926231,536117741,544992225,565829291,584852618,621842278
332573694,354340156,387273574,420365346,440529871,454561041,502316207,529217598,543105579,566948319,579879511,595633843,628875224,661368171
334090732,370745806,405650192,415070559,438351224,473284890,504702390,520539290,538179027,555431033,584459080,600583212,628836729,629459420
334567083,369802102,405251045,436159021,465310773,485879395,498925894,515470712,533799484,548061353,557425907,586078048,614676848,646191611
335013171,371027786,408056008,439952881,453110103,486293936,499454184,515974883,534904476,548231973,559483325,586779711,614764285,645092026
335099171,371656904,405827272,416290480,438427528,491342575,504882547,525678682,538687980,555870890,571858376,585148431,602110589,653875423
336920843,356461206,382013849,392760200,404419882,416822039,430899400,445730210,456912071,483272700,636899360,732264125,748032893,774359490
337241551,456440216,491176954,493849539,497190654,502693958,503483290,510911988,512785375,514436975,520497228,532302999,554786762,571381003
337559095,371796101,409066701,440220283,457188290,468534238,499771100,519114915,535132845,548926828,560816578,589173852,614796422,644979984
337926377,395115398,430216896,448780567,461034258,476717461,490280785,511343791,526280190,542214599,555427458,581674006,602462743,639170179
338161907,367833657,382153205,393456387,405985682,417146100,431642421,446387717,457805745,466561283,647270530,734156861,748089552,762101216
341410730,359907271,389118357,409929867,421240521,473411067,491504781,530251344,543508171,569161079,582186120,595999607,628946489,659289361
342435383,363017082,389954173,410298713,421694599,455167525,503120153,530301967,543830321,569647043,582418663,596701001,630792220,657652907
343866070,380146065,403032059,425656443,449136236,463227693,481779321,498711214,535655660,558982001,575555523,592325408,610724560,677281654
344961883,369329180,408330251,435321138,456540081,472797489,490805914,515312707,526419358,536061211,552624109,596051973,621240472,673947011
346092371,376681221,408767506,423411796,434764191,467145737,478364214,507174067,551244467,568063801,580657434,591720787,614091605,647630008
346133996,378565740,411470904,424255843,435278320,453984599,478366913,509318118,553222326,570219708,581265100,594572071,614640361,647453463
347334870,411055198,434133561,453587544,463564978,478414637,493020927,507685953,525730705,544352414,560392012,575249135,590502715,614830642
348339855,370606898,440120056,457325959,469554981,489697018,499255737,509848899,524091188,538184573,555232914,575836875,609428690,609563346
348514459,387395244,411646042,425006439,437293614,454582385,479738001,513648115,536292834,570942628,581559704,594698227,616079210,638859672
350507809,429475002,446217880,461660962,471269196,483758593,495200140,505016437,515862375,526514948,543856497,560177279,583105265,624433698
350896920,396215856,435018880,452429211,461373490,477728619,491111197,512650291,527596700,543180520,562172759,575512296,582331474,629333484
351237933,394017327,434526860,454373910,464709694,478781366,493972899,509459431,525776361,545119203,560730741,579352209,590732883,613869234
351710897,414917494,446530103,461836009,471959504,483789570,495266221,505682201,520820817,527051083,544587841,565346217,584530513,623670075
352018640,377642213,418997544,451743700,468927383,478114098,488863998,504824751,510111871,523718828,550048895,589403365,632824149,648489911
352212623,380148369,422747597,457311713,469302882,479533436,491320889,505741980,511069836,527966069,550140687,565506259,591989094,691775869
352469928,394645990,416983999,438323176,466143736,484729280,495644290,515080829,526435198,550066611,561344949,582622237,598466410,612681955
356276140,366476742,381598152,391841838,399515257,415970811,429605395,444893277,456748887,465261727,698550126,712005448,730650183,747498166
358468712,387544598,411923192,428333988,437427331,456386150,480387198,515527599,536414990,555113138,582354320,595540477,616091333,637658295
358501863,447387253,459693725,464493575,475106026,487525107,496311088,510370194,523059411,533059567,541650366,552156876,568853750,580763675
359015324,383412956,408458744,435742855,458949960,473107206,490891712,516378651,529104502,538176557,563382667,575097708,621490178,646009877
359893474,388396187,412141810,437726224,457647822,473676427,480509161,493847692,516318248,538971524,582628669,596105616,621460505,637582715
362415935,410026774,431272207,448595516,463125035,477301643,489338627,504731844,523274223,540287325,558255051,574203893,589206109,625761234
365138104,389896174,431939377,447772169,466406071,474982919,488552755,511301749,528386249,551752459,564763529,575467759,590317808,612160320
365710119,390410619,423798267,459577252,469866415,479643707,492639449,507667969,511354531,528708843,552293588,566805658,592537081,658763488
366618739,391361585,407464373,455420187,467402743,477144925,490989023,505672749,531547030,553756854,566601769,576426115,592150305,614960798
367192057,389646681,452159103,461534347,473556669,485466337,500975307,511144948,519514675,526367254,556155832,569423728,591248920,593159556
369063219,378308227,387208081,395548295,404730987,408297193,543399425,563337415,568269154,572144442,580728073,597098665,610507227,616116575
369110811,401185811,424818485,439116256,475084129,486800032,496111670,508205891,523668716,536899624,552773288,570148233,591739124,620752509
369190896,384042599,413526545,437461820,461039276,477283865,496028011,516995376,530329205,540378541,556180488,564030896,605304601,647276748
369403530,398763934,418163114,439605549,465538459,481181009,494126850,512270151,526216996,545502744,560939971,579372202,595155263,612684990
369406052,408483577,449325947,460222830,471805238,481009141,499490632,508212892,517085269,525329992,551252841,565402337,584336519,608014514
369785483,405015361,426509120,439153968,465167238,488605497,497677903,509439477,523861759,537693522,554593770,575790845,593012680,611251047
369962455,378979074,387343493,395913698,406055816,415685262,531268938,563358303,568910048,572999055,580775856,599180191,610607864,617054912
370124109,400582278,420628844,436941166,463197945,473586177,486712535,520289852,529143954,551626312,567055187,582788567,589460232,604989879
370266466,379934724,388241375,406449071,408896720,426499838,499358033,563666208,568975165,575366557,581060619,601291415,610757146,617507189
370363347,380621245,396511911,406533978,409759052,426551622,487699613,564118779,569045413,576074589,581517169,601644875,611297620,617660693
371166800,396952074,412845904,423965002,445013697,456317273,494359814,503936111,531236247,549407840,571260203,584305614,603853766,655153718
371326072,391575528,396979747,407334408,410022993,419431117,466146006,564640562,569571391,576980769,583730626,604359997,611429748,619815728
372409260,397507707,412929889,424106048,446151662,456852301,478456357,495075671,508614196,533015449,584796772,604435028,637422145,647766837
372672323,399493373,413925732,424293228,446515774,458316322,480373961,495696828,511335449,554537860,573106783,587067183,638486099,642466443
372774680,417586736,431518259,452773032,468521228,479561386,491806983,503373804,518636375,534567920,549773314,574380052,597574066,605590042
373517568,417634104,431976396,452796965,469238354,481146691,492878719,503948001,519936231,534778080,550109333,575679368,597840331,597993377
374713008,389523070,434423113,448398482,460065462,474041665,488020501,500871759,517627544,535827836,570093602,587759623,603813917,613525967
374755579,393467951,399170763,407727422,412354232,421843803,428617087,537176296,571063564,579028676,607621257,613092604,622332359,626884838
375133541,406152310,429167429,447051818,461989149,473959202,489180198,503051757,522719987,540249518,556711546,573688716,589089987,627692476
375143225,394361764,400020324,408043329,414433477,422321441,434068708,525063915,571138400,579064777,608007843,613106074,622405974,627747429
375638372,394637438,400807362,408049547,414585084,422354926,434841242,507861354,571549891,594228361,609071295,614111129,622569870,627867007
376805369,421117592,434485340,467718859,478432810,488093175,496842808,509393300,520844662,533314036,544048886,559987638,577336460,590544467
377170755,399997856,414254658,424862095,446764122,459960866,480462792,496099539,518056168,535427203,555370465,608926584,638737099,642086353
377222031,414711430,438250839,461171739,473450658,481230273,499814301,508332610,517368738,525372793,552996708,565411228,587499752,594443037
380765346,391372426,396624724,407075562,409843846,417387594,466049894,564254989,569187844,576842749,583266292,601740275,611359867,619292295
380977391,395806794,460213410,469998783,475363238,481685503,489856931,500036851,510397531,524931616,539349523,556195876,578618446,635665015
381196755,393062675,397648795,407447277,410391189,419563977,432406252,565210302,570699416,578067532,584097627,612527017,620633792,626484301
381276198,429010297,444783669,455867159,468932536,476858535,494675094,507410892,514707437,524610471,544754740,562520669,582359561,609134647
381337127,431645687,452623893,458187777,468746766,475456595,491395641,506575944,513790398,523922034,544501401,559190043,579339259,609710146
382501374,393109237,398213921,407495669,410844324,421099173,433775924,550125018,570840017,578487004,590115315,612867559,621122178,626692341
382572136,408231088,422016511,435844521,457341771,469140706,478523575,492093100,512214684,534070143,559056255,597972738,615587198,632251721
382583984,409329395,442451665,448483520,459940895,471925375,488416691,494682636,512743968,525858865,542040593,575742631,615807200,628459590
383207443,418714257,438930547,459973966,469804073,477687953,496870870,508156791,516177340,524855607,550218913,562959785,582875953,608872277
408309560,425329802,426392408,427614048,428428743,431145946,431991541,433903684,437811418,443276943,443547874,444047604,444091470,445113729
383278646,436169526,456846573,463474621,474345547,486096763,495876077,508222979,518842482,532007087,540777618,551655223,564949953,584886966
383997384,394707975,401592789,408054728,414622796,424304849,429169985,493256924,580044119,594689384,609077484,615048479,622994944,628103042
384011396,439402216,448693457,455439285,465742006,475233379,490192457,503665188,512270341,522097069,543737155,558426464,575669753,622159836
384301700,395009305,403943397,408118514,414798098,424466257,429246500,485723413,580345472,595156047,609975881,615561697,623008414,629963345
384669467,395093073,404282911,408127387,414812295,424796571,429415000,480833311,580590085,595228432,610163341,615971065,623593347,632242601
385926184,427903323,457433685,464117888,474936970,486466091,496015635,508890121,521709470,532556511,541372255,551726702,566236552,584096292
386624263,406227845,436962344,451486777,473525231,485051177,500362582,508638715,517875043,525864677,555421618,569286916,588649444,593737907
386749558,410721379,422628841,441900921,467281564,472515154,477068712,492671661,503556178,534311297,571080668,582957308,604484293,631314768
386765090,410573090,442458203,452849147,460076610,471978993,488486232,500928719,521198786,532560583,542090751,568130590,601690341,616580549
387631393,417555156,430796363,452654843,465523976,478487161,490500950,503018548,517472905,532276740,549475442,572671806,595391311,606113184
387774347,424296220,442549571,458926397,467254424,475460111,488767604,503527945,521657230,538485135,549035882,553219406,578348103,606614244
389366454,392750097,418756131,429589896,442185185,462445475,470808059,491697228,544859733,561450119,574958101,584271016,601888503,633535599
390665445,393204300,419819974,430761500,444561471,462994640,473856953,477316253,545966539,561765313,575231295,586549064,602367474,633414965
393857116,405706997,434428674,461414249,469920883,473683217,486682831,497578002,507975629,511822640,533264843,547931741,579820320,692446681
394172777,420218067,431403381,446947727,463347380,474331914,477959166,484115922,519272263,535909495,553492427,576306511,586680181,632330737
395241354,417137348,430192283,451503733,465372748,478360964,490486227,502445234,517213262,527590499,546120526,571323785,594637436,608984228
396536975,415975546,437033092,458638949,468974246,477255800,494713812,508137675,515511078,524688869,545200883,562856363,582381259,608885947
398222949,440208005,445869222,453355620,461739518,474130527,487791182,501360714,511540901,520067079,530258838,557115627,574823424,641019200
399323887,432073526,456014188,463428320,474239693,485548165,495316752,505752332,516310737,529747439,540654594,548085919,564156675,585067864
399766474,409228034,432909197,446601803,465304509,484714283,494045745,507383834,522267271,540724033,549239509,561688566,584143952,597944968
400489266,411349794,428270437,446472881,459053704,471343729,485464295,499615767,519937883,533986219,554462676,569173307,584066664,634178153
401127081,446424201,453847489,463162724,472006363,479484205,494513225,502327842,516012144,527913656,538785549,548008570,563967354,589126262
402024902,416041343,435701251,448913767,459870665,483265865,500599742,510992870,518151041,525412307,551191907,560527583,578191779,608522137
403627710,429740975,439801367,453772644,462445837,474833570,489856475,501687972,512115363,521667106,533986834,558244948,575423762,639464063
404855929,431729969,444895012,455659231,466086335,475312345,490305551,504582233,513335336,522166985,544351777,558813682,576236784,610792997
407992934,440420846,453767008,462646645,471685472,479318721,492822309,499482464,515218424,527565992,537406270,546664662,563891054,600828541
414024401,429065173,438932792,452097830,466289382,474870102,481096233,486318736,494636867,522080287,539575836,571873889,597548549,627893149
415326142,445251938,466632958,473494876,477640681,485253331,492774129,506892550,514154497,522741533,530577655,541999181,553572550,568192852
416629799,428838294,467963871,474248847,482981184,485546756,493293440,507933839,515030422,522760000,535983440,543147503,553735855,567703689
417116342,429359930,439830794,461688298,468487353,474874574,481328186,487510869,495017623,522608224,542537071,557327898,599194362,622495178
417304141,459760929,466205582,470428823,476587718,485195434,491555588,503757874,513514302,517230851,530434242,540886416,552899315,571906110
417412780,429387841,440743250,461762439,469894516,475221231,481456788,490895355,496638366,524238900,543327974,560108769,583831322,623141070
417837494,442939309,452188221,460873996,471641219,479131070,492798556,499186938,514098969,524317560,536923380,544442230,558826858,604212115
426525179,438069955,448992185,459701140,466905964,476668091,489333405,496615192,512497075,523088221,536175862,541951739,552686486,629187348
426646064,429684068,435208172,476121632,483868805,490207872,493487613,508744326,515193708,524157032,536490109,550166926,555615232,566914003
427288824,430463163,435959888,450398040,484658408,491225023,503737440,508965123,517181821,524849620,539486799,550475088,565410139,565500604
428415844,439530583,451891967,459856274,467739035,478556404,490304852,497637154,512556217,524241071,536340010,543259888,556640414,612647175
429024356,445219052,454582280,461632615,469998249,477067869,485418508,492982473,516733260,529923690,539976147,552105741,560699480,567658027
431027016,450191138,459588076,464797847,473249562,482354202,489827443,502719978,513446740,522466441,535332864,549468853,560199354,560264906
437869136,446675588,455421170,461746273,470690701,479418815,486546236,497494011,509093791,518248952,530926319,544517913,556830645,563210260
440602725,446953336,455856335,462143001,471566261,481493246,486766439,497922961,511762197,518665278,531208034,546220531,559145569,562424354
440727716,448391240,456381909,462600272,472313421,482279854,486901014,501134827,511990129,519467556,532242131,547308397,559324113,562178888
441040928,448533196,457734923,464080762,472346851,482350974,487039920,502264078,512290866,520001717,532246275,547956203,559560323,560333957
443148585,448713432,459273282,464302673,472380572,482352590,489519615,502659167,513307872,521926917,532967811,548483965,559770657,560291647
