107,11100,13166,13171,17604,18477,19087,21083,23416,23504,34083,34948,35441,37361,43127,44734,47948,49227,49839,52547,61168,61558,61918,66226,73706,78192,78597,82489,88653,95045,99421,99507,99522,99655
453,3776,4724,6922,9010,14390,15394,17928,22385,27099,33375,33597,39584,42793,43065,46126,47179,49314,52467,54649,62019,69849,77511,78453,79268,80242,81570,85820,86229,90882,92065,95601,95931,95957
547,3593,3695,7336,19266,24725,25180,28994,33741,36164,36959,39273,39576,43163,45385,46606,54263,59160,61637,61645,61928,63240,67659,68541,72587,78339,79995,80001,80021,80029,80068,80147,82378,89786
755,2166,3780,6587,15488,16825,17924,18647,19147,29634,33898,37235,38993,42382,43613,45206,46787,49581,50947,56096,58198,61880,63540,66978,68717,75122,88305,90951,96037,97164,98096,98130,98345,98473
1399,1869,2644,5095,5989,9725,24196,29720,31039,32531,36780,42940,43137,46793,51285,55203,55529,55991,56575,58851,60753,61776,71174,71354,71934,72872,79504,80122,80602,81255,84399,86807,91001,94783
1502,18832,20488,23071,24551,27633,31301,31382,32881,33341,34421,36744,39523,41865,44138,45609,49577,50655,50988,55850,56647,56923,63584,64654,66699,68235,69609,73175,76642,80908,83998,90207,91802,98192
4070,7204,7779,12934,16647,16758,19511,27563,28833,29648,33379,33713,36547,40960,49186,51755,52171,54038,55542,56677,56816,58714,60322,63110,67377,73444,74387,77363,89377,94284,94951,96332,96617,97618
5427,7045,9031,10227,10419,19488,19728,21717,24045,25978,27550,29183,32629,40425,42899,44057,44442,52026,56558,58694,61441,67453,69550,74174,75293,81879,85036,87748,88772,89033,90638,92973,92990,97079
5915,10156,10158,14476,17834,18005,18651,18759,18776,22066,28029,29547,34788,39591,42639,43042,43633,55852,56692,65636,66321,66343,66395,68531,71484,78292,81269,84989,88054,89746,90376,94392,95257,99933
12509,12691,14260,18323,18691,18994,20702,25273,26220,34525,37367,39256,39700,42408,43581,43931,45536,53483,58127,58151,58252,63565,63798,68982,70787,72471,72742,73979,74879,76031,85787,96665,96744,97217
10,1604,2261,14779,22011,24015,24574,26188,27773,28060,28559,33117,35300,40476,41011,41020,41693,46918,56959,59109,60631,61302,62251,62589,65085,68064,70993,72777,79918,82543,86391,88115,91798,92285,95448
46,5938,8828,10885,12288,16988,17965,19385,20784,22336,25283,35743,35971,46929,48937,49420,49436,55726,59781,62341,62736,62804,64495,65019,65752,67633,74549,74676,76079,76456,83917,85193,87765,91558,91985
48,9040,9679,12053,13061,14690,15348,16101,20471,21494,25516,32561,36052,37067,41211,42375,45424,47732,54494,57196,57747,61521,61689,63096,75745,76475,76864,79480,82111,83191,88173,92124,93102,94855,97841
49,2015,4626,4690,11434,13370,20925,24909,29481,34439,34473,36351,37709,41364,42407,47167,51080,52867,53278,56052,60739,62814,64945,65202,65278,65338,67202,68820,74599,78558,82226,87406,97276,97419,99119
53,234,2916,10017,12439,18644,19428,19962,20443,21996,22222,26871,37135,37754,41006,41310,41526,45842,46074,53153,54779,66281,68604,69895,70992,76351,76901,79210,82208,86525,95562,96843,96862,96922,98667
56,74,120,186,4441,4524,4960,15165,15232,19987,22899,25178,29269,34780,52120,54070,54978,55725,58205,63730,64889,69855,69964,71922,73658,73788,77479,86721,87531,87607,88579,89116,91501,93331,93987
67,16361,18097,20600,20900,24821,25527,29927,30142,31794,35873,38343,40256,41068,42078,46626,46834,47048,49366,49924,50811,51387,53487,54001,57795,64660,66476,74540,76687,79593,87072,88237,88642,91889,94698
78,371,5517,6731,12332,18566,19769,22073,22977,23353,23684,27078,27899,31292,35433,46681,50388,50778,55922,57190,61416,71209,74729,78294,78653,81784,81786,82124,82241,82258,83085,83107,83939,86441,86449
85,5284,8928,11576,17362,18070,19441,20569,24425,27696,29969,30133,36282,37023,40349,40677,46450,49688,54157,54814,55366,56032,61542,72862,73845,75465,78529,81396,83372,85102,85296,85411,85490,85505,97436
88,1044,1263,3518,6223,12068,13023,14850,19357,22280,24024,26966,29736,33480,41585,41654,44474,46087,53045,54416,60796,72631,72663,76828,76838,77346,78367,81171,84335,90936,92766,92802,93832,96055,99080
109,9142,14214,14571,14588,19683,21157,23460,27600,27730,29297,29953,30221,30437,35321,39370,48213,48288,48313,52288,62331,63607,66899,69629,72229,74082,76847,77157,80168,80231,80669,81007,88882,98873,99061
122,8807,11611,12475,18486,18861,21186,21697,23466,27365,30168,34132,35508,42406,43441,47819,48749,50480,50502,59278,61465,61475,61500,63712,64031,66655,71857,72330,74906,79310,82154,86313,89453,96855,97052
124,1693,10620,12785,21627,23696,28729,29670,30056,30922,34830,35384,40518,44027,44951,45098,48394,48435,48493,49171,50277,56674,58594,62674,66098,66728,69288,69461,70864,78262,79204,92596,94436,95153,96095
132,156,4612,7549,7851,8167,20089,20177,20265,21588,22948,24783,27117,33476,37915,39527,39953,41192,49269,57240,60082,71661,77051,78608,81458,83146,83263,86496,87990,89263,89295,89307,89723,91507,92771
151,6306,12102,14689,16120,18789,22153,22530,26201,29174,34356,37779,39577,39627,40118,40359,46597,51194,51856,56672,57907,58168,59845,61675,64442,68470,71716,80572,80810,82219,86974,86979,87212,89460,92828
152,4892,9241,12259,13326,15545,18831,25730,28749,35066,36346,37603,40840,43742,44000,44890,46757,49306,52369,53042,55381,58534,60146,62948,63507,66330,68058,68199,76311,79596,84539,92648,93546,95545,97653
158,2919,4879,10711,12773,14034,18108,26498,27697,31493,35187,38320,38578,38900,39856,46090,48469,48982,56839,59663,63581,66981,70062,71736,73289,74668,74681,74732,74747,74795,74817,80057,81828,85155,94344
169,329,3499,4805,8647,9204,12187,15406,21814,28274,34365,34431,37521,38327,43332,46444,51539,51642,55728,60966,61650,64939,68895,69825,72500,72820,76662,78033,78215,79487,87185,87615,91321,92187,95664
177,875,1944,5437,8551,13193,15516,18094,21031,21439,22606,26540,31636,41239,43875,44220,45153,55367,57233,58546,59407,64731,69718,71630,71765,80363,84422,84452,85767,85778,85797,85903,86007,93242,93973
191,1826,2384,5191,5305,9640,13696,21634,28464,32582,35191,46823,48650,49778,50656,51918,56117,60551,61454,61486,62402,62443,62919,63679,65901,67337,68714,69471,70618,72493,72724,75163,86899,95227,96100
197,447,2499,2523,2824,5426,7880,15034,16249,16506,17325,26362,27630,42762,43617,48617,50093,52546,52918,53220,56006,58286,64860,65563,68590,79796,91297,93975,95660,95776,96196,96201,96227,96232,96287
212,995,2593,8952,15006,20887,24920,26081,27359,32648,32779,32782,33412,33823,37188,45047,47100,47615,56045,56826,58045,60879,62097,65860,74277,77012,81351,82527,82532,82553,82597,82609,82677,87265,91076
214,1879,11042,11484,11618,13802,15105,15595,21653,32259,33509,33974,34510,43789,44543,46158,49162,52300,54558,55187,55330,55438,57963,66080,72320,73792,73830,75184,78308,82170,85188,90927,94775,95141,96840
220,7917,9388,12844,13457,15867,16301,22157,24700,26243,39223,39918,41530,45300,46988,48601,49229,50582,59505,60013,60088,61646,62344,65464,66671,67145,67269,68968,69422,76630,77282,85583,89977,92169,94986
242,2139,6017,6693,7528,13062,14116,15167,23666,26576,27092,27104,28762,32440,33777,43159,46697,52456,53172,53785,56433,60807,70794,72928,84457,84748,84770,84839,84885,84893,84957,85387,90893,94462,96724
245,2032,5654,8601,11379,17077,18787,22564,28160,28984,30443,31949,32001,33252,34202,40219,40405,40683,52028,53354,53802,62416,65511,65754,66277,71846,77315,82975,89427,93113,94334,94337,94378,94440,97683
255,7980,12369,13661,13697,16423,19982,22326,22577,25305,26646,28590,32226,35657,38902,45036,46566,52422,53968,58802,59273,60543,62567,66866,69027,73848,75620,78984,80204,82072,84725,86836,89750,93246,98676
269,460,4962,8263,10063,19083,21481,27114,27954,29110,29276,30858,38399,41225,44404,45383,51375,51851,51862,52636,52678,56663,59243,64652,66301,66361,74908,78259,83521,84509,86157,88087,92101,96924,99235
274,8392,9901,10765,10816,14716,22271,25109,25674,26318,27768,31393,32332,35862,45849,48082,49297,55315,55370,56124,64973,66058,66279,66943,68215,68479,71506,72813,75274,79038,80641,80655,89191,94186,99748
289,2575,2973,5408,7077,7084,8366,11583,14125,15449,16991,18528,24091,31190,31630,34734,43260,48127,51693,60059,71001,75599,78781,79622,80491,80944,82938,83246,94002,94455,94476,94483,95067,95290,100000
324,2195,3140,3215,4815,9573,12084,14093,19906,21359,23896,30256,37189,38246,42378,44838,45519,50442,54937,56131,57185,57198,64465,69160,76209,78493,88312,88321,88362,88390,88424,90060,94585,94973,96954
340,3119,3624,4780,5069,6112,9735,11122,13562,18236,20225,25299,28695,33848,36045,38450,40070,40660,48577,54857,55479,65153,69150,73344,74419,80636,82945,98904,98927,98948,98966,99007,99020,99046,99258
342,3465,6211,14642,15290,17130,18304,23154,28514,29831,30423,32523,37913,40277,46408,50907,51958,51967,52406,53280,57954,58036,61379,62392,69230,69592,70266,76252,79751,81593,83221,85985,85999,89508,99524
351,1253,4895,8947,9098,14522,15073,19506,21606,22507,28892,30685,31939,32563,32784,46318,47225,48463,50685,55768,65941,67344,69192,69813,72118,79072,81439,83700,83709,83753,83809,90370,90885,94849,96553
358,4215,8794,13491,15944,20132,20733,23230,24815,24968,27497,27903,36533,43323,45862,50431,51235,51552,54753,58743,62348,63292,65634,69890,71866,72425,73924,73955,73978,74067,75994,81385,89080,89729,93548
366,1548,5792,5885,8492,21700,21929,22256,30322,33152,34835,35322,38977,42128,43642,45298,51820,52354,55493,56018,59721,61482,63384,64270,64778,66666,68196,71872,77306,82810,84084,88171,88800,93133,93625
367,4952,7399,10675,10979,12770,14771,15974,18293,23745,30107,30156,31638,39203,39352,42303,48323,54085,54262,56898,58672,59127,59489,65446,68981,74754,80768,81020,87146,89118,89177,89209,89234,98577,98657
392,3888,5446,12129,26931,26975,29658,30261,30444,30989,33012,43425,43803,43861,44031,46848,48281,48365,53080,53780,55059,55997,59833,62190,63541,67093,67429,68184,69607,79730,80813,81138,84703,91169,93542
397,3347,5159,7328,7837,9417,17323,17806,21564,24247,27201,27595,29469,33176,37094,37979,45958,53416,56557,58065,64521,64751,64963,69900,76545,78775,80260,84195,85457,85825,87855,88240,92336,94542,96527
419,2295,2472,7984,8975,9946,14014,18981,23846,26452,28433,29755,35137,39749,45710,47277,50275,54694,54953,57520,58600,59070,62024,63558,68476,70784,78157,79198,79295,88057,91534,93244,93282,94671,96790
421,1595,3818,10868,15763,16662,18466,19862,21505,25911,29629,30368,42398,46037,49039,49917,52200,52592,55101,56439,56743,62164,63723,70637,70652,70679,70730,70786,70806,80402,81998,89853,90505,91851,95507
430,1488,2221,9579,9881,10044,14210,20452,20609,21254,27920,40239,41533,49556,49811,49993,50611,50938,51261,53627,53966,56999,57577,64198,71704,76184,76587,77780,82395,83328,90768,90785,90843,92429,94427
431,5710,9705,11703,12235,12661,12687,22760,23821,28567,28644,32276,34274,34376,35890,38441,38662,44635,46511,47191,56189,63817,71623,74181,77317,77847,79649,80344,80849,87645,90344,90587,90663,95348,98044
443,4906,6008,15646,19989,19995,23019,23494,24274,30831,31848,37075,38737,40692,41109,45056,47344,50155,51209,51482,51781,55956,59862,63993,65591,68329,71585,72863,78578,82189,87718,88095,89385,98161,98229
467,1297,7954,9697,10700,10971,15993,23963,24560,27081,28484,28485,31553,34834,35457,37467,43099,48363,48516,51998,52271,64274,64891,73143,73558,77207,79509,81208,86478,86973,91003,94249,94394,97076,98454
472,1042,2497,2944,4414,5764,6286,14368,22238,28199,29581,31702,38769,41824,41838,45861,47997,55339,58583,61261,64720,66232,66397,70352,74460,76995,78863,86168,86428,86439,86804,86823,87044,87273,89650
475,1264,1393,7400,8146,17100,20203,33873,36980,38405,38414,38625,38828,38932,39499,41895,45022,46234,52274,53266,55005,57923,61793,64865,66407,66657,72111,72802,78059,80108,87836,90444,91760,95760,95869
490,1657,2294,2478,5400,5518,8638,13680,14748,18577,21267,22143,22278,34153,36220,42195,44234,49741,49875,54344,54838,55352,59459,70249,83057,88316,96726,96728,96792,96934,96943,97024,97027,97046,99206
498,2191,5011,9559,9747,15910,21683,24935,27273,29024,29080,30188,33617,36666,46428,47507,51504,52014,52430,52463,55762,60002,61006,66659,72352,73874,75959,80728,81267,82498,84922,87012,87508,89567,98783
508,982,1444,20685,21521,21955,25810,26434,29396,32460,32897,38230,39304,39420,40987,44460,48718,55431,63767,64814,65102,65120,65142,65167,65181,65189,65201,65205,65306,65346,70028,75864,93772,97372,97409
531,2248,3639,4600,5800,18436,21473,21607,22038,27907,31266,31770,31882,34584,43199,43721,47431,48535,48735,54227,63661,66418,69892,72589,72987,74855,77802,78305,82053,85648,86181,88166,89408,91568,92465
532,799,1759,8682,9910,11187,13218,13771,14896,15180,16827,29903,32976,34854,38050,39098,46141,46955,53880,58336,64383,68651,76437,77803,78451,79338,80183,82963,86573,88460,92526,93182,93216,93228,93279
539,1532,2250,3269,10283,15578,16448,16619,20027,25093,25239,27111,28385,31489,38810,39821,45490,48997,54206,56244,56522,63144,74075,74163,74179,77694,80308,80665,84848,87605,88338,89425,98410,99260,99561
548,3698,5653,6550,7417,8117,17881,19149,26121,26394,27813,37739,45094,48041,52523,55070,57256,58126,59115,59994,60982,62247,64884,66001,68384,69814,69847,70562,71222,72882,79808,83980,86879,92416,93420
573,2655,6137,6699,8273,12242,16218,18556,20696,22996,24412,25064,29860,30403,31374,36464,43284,45873,53290,54123,57110,64798,66802,68980,75878,77135,82252,88448,92059,92213,92593,95317,95871,97819,99160
580,1165,1542,2247,2843,13268,17664,17779,23628,23894,26175,26674,27036,36681,38484,41290,41923,54169,54387,57550,62512,62916,63664,70393,71264,71610,72084,79757,94894,95911,96141,96348,96370,96385,96399
606,1221,3293,4882,5441,8978,17264,17288,20575,28844,30354,34592,36703,43150,48654,50232,51465,51836,52342,58064,60562,63002,67496,69567,69595,70986,72708,74379,77799,81416,87536,89878,91769,95006,98144
616,2071,5354,9210,9904,10558,11168,23654,25368,31026,31160,31316,32280,37096,37719,39094,43468,55320,58929,59013,59084,61968,64999,69796,73084,73329,75757,77392,78045,81801,83444,89622,95434,97815,99733
622,1237,6666,7692,10565,11196,12004,16719,18812,20377,25933,28613,28859,29764,30652,41462,42638,50717,56178,60330,62026,63830,67819,72389,76635,78687,78703,84020,84986,86757,95715,95737,95742,95770,95775
623,3134,6129,12779,13729,15757,16425,25309,25903,27452,31610,33731,39988,40465,45750,46773,47965,52887,53592,55441,59466,61954,63549,64430,64610,69367,74700,77277,78975,78999,82116,82200,84025,98575,99942
638,3651,5105,5393,13806,16484,17007,18934,23499,33953,34953,37534,39281,40491,48994,50111,51421,53701,55165,58100,61180,61539,63340,64118,68283,70338,74655,77246,78298,79702,80744,81426,84878,85294,96365
640,4066,11389,11673,16100,23834,27093,28972,29553,30613,37918,39068,42005,42006,43050,43098,44569,44976,46548,46705,52598,54642,57359,57516,75279,75408,78946,81333,83477,83999,84010,84243,84280,84310,84351
649,3764,8191,10597,11342,11457,12566,19919,21513,28831,29637,35979,36088,36728,39397,44839,45268,52929,53228,53863,54355,54381,56529,61496,68474,70837,76151,80600,89443,90230,91338,92894,95985,96181,99948
667,2914,6468,7846,9269,13214,25968,27224,28409,29323,29901,30892,31675,32809,37952,39643,42701,44679,46275,46798,57814,61843,62451,69977,72688,76751,78281,78348,78581,88141,90890,95616,96220,96640,96759
682,1935,11371,11897,13362,13418,17739,26242,29834,31209,34281,40901,41226,41451,47289,48309,49970,49972,53441,53581,56953,58996,59965,61315,69645,73144,73778,73834,76305,78124,79042,80018,90526,91731,94141
686,857,2905,4574,6798,8110,9362,21592,22825,25494,27394,27481,28862,29497,29841,34391,34563,44784,48685,63050,63989,64462,70210,75561,76438,83042,88987,91082,91807,91863,91882,91885,91899,91926,98843
705,2610,5956,7479,12516,13654,14701,19419,22315,25688,27101,29913,33361,35939,43971,44351,49991,52364,55603,55696,55789,57975,59270,69319,69346,74256,77461,83485,85016,85877,89188,90324,93142,94824,97022
718,2612,3031,4335,7912,16445,18550,19501,20850,29609,34710,34931,35821,38561,41434,41496,52666,53071,55085,57584,57744,59283,59908,65785,67003,73492,77879,77925,78232,88468,88485,88556,93302,93630,97013
770,9078,10718,11352,13327,14839,15770,16141,16331,20077,30573,35617,36341,41752,43675,44190,44402,46667,52643,53457,57709,69700,70429,74222,75057,76157,77559,79118,80616,81971,82001,82402,85007,87425,98534
775,1954,6470,6489,13232,17503,19985,21457,23375,23815,31567,33045,33631,33924,36797,44435,52556,59325,64481,65513,66700,67106,67204,67223,67242,67286,67314,74452,77349,79427,82929,83535,83736,94257,99538
787,7634,8752,10395,11301,12407,16852,18228,18449,22852,28712,29832,40975,41628,48214,49390,49494,53016,55243,56732,59220,60609,62340,64695,69674,70703,71662,77128,77286,86575,86605,86624,86714,95060,99839
802,1441,11720,15171,15518,16090,17502,17536,19279,22135,31525,37481,40592,40869,44786,45525,46042,51630,57842,58046,59279,59382,59390,63628,64491,75612,76275,76386,80301,86638,86698,87351,88300,89299,91065
805,4944,8164,12311,16439,25094,27166,28061,31881,31924,34444,36774,36844,40474,43706,44536,45487,48564,49990,50330,54113,54786,55495,56540,56645,76641,78792,79223,79607,79630,81015,84464,88036,95149,97553
820,1956,5660,12920,17137,18700,22657,25980,30643,31061,34143,36369,37099,38732,50833,51774,52970,53636,53680,53723,54173,57068,60190,64780,64959,67008,67622,75426,76499,78623,78818,83135,84378,94847,97608
842,2290,10729,16801,17749,19864,20487,22573,27917,30780,32496,32923,34261,34564,37267,43459,47536,47652,47694,47737,53221,57124,59812,59969,63928,64769,71111,73528,81738,87976,94673,96810,97915,98431,99001
843,8193,8544,11976,13824,16411,19035,23631,29210,29256,31278,37674,38848,43035,45621,47573,50689,51259,52768,54249,57924,60818,62920,65515,68103,73602,74723,76476,76925,79888,80094,80618,81088,89034,93982
880,3008,3553,8747,16117,21416,22379,23743,25997,26979,36334,37095,37992,39244,42941,46064,46806,51008,54060,54768,57486,57589,58434,60699,61442,75297,77144,78198,81529,85939,86094,86139,88984,89655,91867
881,6978,7545,10327,10984,11204,14236,15513,18741,19196,20817,21103,26711,30603,30930,39030,51394,57275,61897,66920,67794,68088,71580,77585,80527,81743,83111,83119,83130,83399,83824,86040,86114,87920,89368
885,1756,2928,4621,7876,11260,17261,22056,23302,27925,28449,34183,41071,41210,47657,48285,48406,52198,58644,59369,60776,63364,64186,67139,68740,68912,76877,79081,79531,80022,81065,82953,90240,94589,98810
898,2528,5286,10905,13828,14121,16986,20130,24179,30630,31661,32172,33178,34499,40116,40398,46859,49255,50203,53566,55410,59650,61683,70106,73497,74217,76251,80334,83714,85250,87325,93311,93680,94628,95173
904,1185,3114,9438,19665,21574,25050,25637,27027,29677,33556,34587,35681,37044,37170,41143,45738,46197,47125,49220,51533,55561,56585,59926,65646,70208,71726,91100,91147,91171,91189,91203,91227,91259,95414
906,2253,3027,6182,6974,7121,10145,19335,22956,24357,30485,34689,37518,40225,46342,51648,52705,52751,57778,57926,60280,63953,64997,69959,70316,76063,77786,78518,81256,84051,87728,87754,87774,87930,91939
940,1439,5690,7667,9900,11468,14039,14130,17210,18746,26521,27024,35963,38080,39132,40658,43603,53937,54799,55333,61325,63328,64503,67170,73051,79865,83509,83609,83614,83661,88099,92612,95847,99468,99687
950,3383,4964,5188,10146,15219,21003,21314,26011,30145,33607,36424,41565,47245,47676,47710,48115,50043,52035,52483,53657,55229,62940,63016,68821,70398,72655,77125,81313,81413,85346,90720,90776,90829,96163
979,4094,5182,8716,10077,12170,17074,19414,24322,26861,31322,31471,32417,36901,36915,41942,44008,47808,57383,64224,66404,67808,68324,70628,71301,71499,72458,72486,80763,83605,86462,88581,91866,92222,97940
984,1213,2511,3482,6658,10149,10219,13221,23994,31182,33122,40882,43190,44541,50601,50898,50992,51127,52897,55099,57729,59140,63826,64019,68894,70704,71374,75827,81502,82243,86570,91838,92808,93055,99136
1023,5361,5608,7468,8078,9145,16709,17582,18665,19851,23129,24356,30906,37282,39450,45210,49874,59046,59389,60811,61064,65139,65620,70902,71263,71927,73599,74728,88008,88828,90133,90942,91181,94365,98985
1061,7820,8994,10757,11339,11888,18935,22457,24070,26308,27957,31104,31514,31887,45854,47444,49406,51191,54092,54783,55422,58675,66062,70321,71280,73963,75890,76010,76091,80483,86116,92077,93662,95333,95381
1087,3994,4180,9337,10709,12447,13242,21300,23117,23459,27786,32416,41634,43882,44337,49548,50737,53781,55773,55825,58815,59334,65771,66871,71788,75552,75585,75587,79844,80287,87413,88213,88356,89981,93639
1106,12405,12607,12677,13754,15388,16540,21289,23600,27245,30982,32693,32921,35696,39993,41724,47843,47866,48318,49609,57223,64336,66359,68149,68797,77816,77825,80409,81107,82531,84359,86245,88844,93221,94150
1119,1656,10818,16574,21063,22210,24236,24925,29435,29438,32801,34235,35512,37011,38350,39365,44534,46767,47861,51028,52998,54974,58362,62279,66742,70937,75217,75874,78151,81877,84034,90534,96794,98102,99814
1143,3019,3068,7874,7900,11890,19685,22146,26753,30039,32535,33599,34358,35496,39374,39445,42957,44583,52562,52827,56060,62272,62907,67037,70634,79031,79464,80074,86722,87336,88101,88813,91971,96670,97282
1146,1171,3155,8804,9577,13551,18181,18193,18872,19325,20003,26289,34193,35543,37403,38287,51199,51555,54446,56943,58948,64560,65145,76295,79051,81058,81667,83508,84474,84950,85565,87915,89276,95525,99854
1149,2518,3082,8708,10495,10627,17376,18259,21552,23310,28224,28617,38244,43592,44928,46031,49154,50957,51737,60383,60445,62072,62414,64489,67403,73826,76248,77410,77506,80266,88574,92524,97152,98131,98224
1150,1179,7484,9342,10725,14770,18342,18396,26445,26942,27012,28713,30050,39135,39200,40848,41219,49145,50073,50764,60666,60707,60711,65746,68719,73069,76483,77789,78920,96516,96523,96535,96543,96579,99187
1157,5062,6962,9773,15413,24301,25905,27493,27703,27751,30104,30158,33810,36248,36539,46614,47009,47952,52655,57833,60203,60908,61422,66916,70416,73093,73555,73564,74324,81156,83525,86727,88408,93893,97075
1188,4978,6424,6812,7342,9915,13606,14092,15410,18319,21072,32882,34714,40196,46922,46970,49657,51925,55884,58058,62091,62711,65211,67070,67516,68890,76221,77768,86685,91429,93377,93720,94205,95975,96392
1195,5094,6515,13427,15621,20048,20874,22365,27531,28616,30327,33147,34335,35660,36147,36293,36856,39888,40328,47580,55682,57548,61460,63055,64036,69922,72549,76385,79940,87423,93041,94064,96866,98712,99980
1229,2691,14840,14871,17814,21185,22581,24325,27512,29644,30234,33548,35524,38761,42405,42759,44887,56346,57984,58835,61046,61099,62380,63812,64193,64248,70228,72409,77681,78098,78424,86322,90161,90393,97158
1235,1342,2923,5623,5855,14802,16874,21085,21396,25468,28142,34123,35053,36427,41515,45040,54067,54819,56090,56604,62122,65658,68603,70117,70190,70996,71179,78595,83001,85451,86353,87575,91690,92001,93613
1238,2988,13930,14847,16221,19627,22236,25719,27695,30043,30797,31468,33691,34871,34894,38082,41523,43110,45316,47769,51962,58527,60558,68012,71508,77771,78902,80331,80921,84468,87918,91172,93322,95612,98578
1275,2835,3869,7839,13601,14576,16009,16704,18337,19485,20726,26754,29790,31095,31728,33829,35003,52024,54394,57705,63212,65363,66818,67773,70640,76316,83055,84536,93889,94649,94693,94720,94735,97727,99923
1277,1609,3686,10274,14079,14329,15959,17811,18183,19647,22705,25731,27893,30019,32808,44155,45168,54702,57184,58093,60152,60154,74651,78175,79360,80259,81199,81253,84982,88184,88497,89748,89931,90639,93131
1288,4657,7278,8417,11808,17510,26376,30623,33629,34113,34304,35033,37049,37244,38724,46758,46802,50237,53954,54571,54740,55995,66539,67553,67558,67574,67670,74871,76271,78655,79000,88487,90217,94202,95920
1290,3558,4422,10422,13233,17051,20472,22071,25331,27610,30508,35466,35663,40908,41902,42106,43756,50117,52360,52825,54935,57825,66449,66806,69492,73474,74196,80092,80405,81133,87019,87957,91063,94311,99399
1298,10114,15116,18906,19616,20820,25145,25313,26068,28116,29663,31524,34326,40709,45305,47579,47824,48523,51524,54360,55963,58062,58284,61997,62519,62530,69473,78359,85520,85813,85841,85964,86031,88656,88766
1301,2986,4208,7714,8037,9651,11586,16310,19326,21074,22423,23737,35456,36234,40798,40941,44745,47138,48670,50624,57061,59706,59787,70313,72990,86122,89314,89933,92756,94056,94087,94114,94124,94144,94161
1345,1472,1476,4485,7358,8635,20162,20860,25839,27835,30388,34852,37745,40955,44011,47528,47784,54592,59224,59754,61077,63291,63474,64083,73598,77200,77265,77358,77894,78368,80951,81217,88486,97514,97551
1350,2149,5564,5724,10002,11330,11623,12591,12974,17983,26399,29487,32414,34880,36947,54114,54211,54386,59310,61625,65070,66173,67273,70061,74141,75508,79756,80726,80980,81928,82333,92021,92242,94551,97801
1357,3462,9413,10806,13776,16308,18263,20621,21351,21516,24452,26078,32495,33533,43201,43941,48380,49808,51409,51517,56017,58327,60771,66969,67965,71370,76717,80494,81668,93498,93509,93583,95982,97275,99795
1406,1694,3338,5750,9088,9354,11041,18572,18653,19650,20381,25988,36114,38257,44989,45239,48503,49209,49496,52713,59825,64969,70443,74736,75034,75998,78342,78617,84251,87500,88410,92934,96510,99230,99393
1418,1960,2426,4925,9025,10937,19157,25828,32609,32971,40868,43044,50437,50539,51544,51686,52156,53047,53843,53943,54111,55864,56561,57808,59229,68061,75638,76550,77457,77465,78275,82485,88583,90102,95075
1433,1857,7726,9219,14827,18200,19560,20033,26453,27085,28977,33571,35180,38802,39440,39864,43834,44701,44866,49360,50625,59910,64136,69864,74643,79990,81022,83516,85265,86519,88475,88862,89381,90009,98422
1440,1975,4160,5060,6755,8056,9251,25048,36436,39601,40663,40920,44983,46222,47134,48742,49387,51135,52927,57277,60292,62233,65844,70961,72100,72214,72246,72311,72326,72332,72660,82668,86914,91130,92224
1458,10363,10686,12523,16595,18797,20257,25269,27977,31369,34271,36928,37181,38144,40670,43723,49386,53541,53850,55250,56985,58710,61616,66528,68915,69178,71048,72736,73053,73477,79650,82380,92434,92956,97723
1463,3918,4176,9556,10090,12105,13355,13880,21043,22014,25453,26916,30830,34980,36753,37769,40010,48404,51617,53334,60204,61074,70053,74616,75333,78301,78693,85138,92361,92370,92409,92457,92668,95069,97215
1483,6565,10408,14155,14172,16019,19446,23902,24405,26721,27076,30105,33485,41395,43829,46786,47454,48700,51001,57641,61853,61887,69530,73632,74012,74851,75677,75680,75733,75814,75833,77264,88655,93115,97343
1499,1715,4291,7613,8592,9075,11356,11810,20363,22842,24071,25713,27083,33532,35374,35596,44533,52311,53782,54156,62121,67865,72477,73059,73183,73206,76421,87760,88890,92369,94193,96451,96587,96621,99117
1511,2780,2806,8325,10488,15101,15961,16516,17093,21712,32929,37395,38645,39167,41017,45185,45718,46991,47356,57129,58479,64124,66543,70855,74763,76743,79963,81084,82458,83581,85321,87293,88098,95049,97448
1518,4054,4560,14869,16142,19391,20795,22237,22922,23639,24201,31032,39409,44758,45179,49884,53855,56057,56128,57221,57379,58340,61203,61243,68413,69513,69933,73967,77880,77913,88841,88908,90883,91483,91877
1527,7650,8331,8444,15674,16522,17190,21952,25292,25818,26843,32013,35320,42264,44017,47338,47492,50123,54461,55415,57552,60367,63350,64399,65928,68482,69715,74349,81925,85223,85374,85499,92983,97440,99355
1530,4217,12938,15972,18054,21417,22189,23480,24370,25966,26462,27125,32424,36371,42208,44394,44495,45283,51063,53308,53499,56053,60732,61801,62022,70019,71208,79159,86516,88157,90160,91500,95017,98250,98268
1538,10944,12599,13292,18510,19808,20898,22636,22803,25110,26014,28714,33895,35779,39367,42427,42590,56297,57932,62810,62922,66983,67729,67903,67961,70763,74078,75875,79590,80202,82209,82357,84011,89504,89577
1552,3162,8796,10666,13962,18322,26097,27877,31589,32663,35864,39241,39487,40459,43359,44292,44710,47637,47972,49252,49554,55189,61586,63143,63671,67143,71523,72771,78402,78931,79282,94306,97349,97771,98047
1556,1602,2776,3046,3747,17887,20657,22792,30078,34044,35770,36866,37207,38145,41452,45593,47402,50482,50673,55162,56162,57330,59416,59987,60481,74376,77514,79316,83926,86153,86548,92629,93709,94557,96586
1559,2865,15669,16514,19257,20767,22913,23410,25136,29428,32482,33676,33899,37187,43612,48410,50245,50423,50426,57875,59346,62695,63690,63988,64032,69794,69969,75987,77584,77870,77949,82231,87491,90597,96651
1568,2768,3801,6260,15079,15324,18093,20134,21766,23670,25741,28939,31723,37480,39828,42318,49335,49668,50387,54102,56327,56709,59911,65172,69177,71553,80692,81609,86120,92817,94488,94567,94597,96429,97475
1585,6205,6425,6872,18192,24131,24938,24945,25808,26518,27254,37753,38040,40369,41901,42422,46314,49889,50899,58344,60201,65064,65640,66304,67055,73218,73251,73281,73293,75455,78870,81563,89241,96051,98336
1625,3607,4451,6139,17454,17480,21161,23763,24991,30484,31450,33061,39565,39642,41776,46284,48055,49211,51695,57491,58387,58816,59336,65979,68730,77959,79541,79545,79552,79621,82364,85023,86997,90747,93645
1645,5084,11508,15030,18170,18371,18536,19189,20039,21078,21848,26837,27585,29218,29981,38342,38703,40072,40313,47463,57623,69831,72133,72947,75200,88102,89727,89743,89848,90221,90236,90242,90251,90253,90258
1685,2809,3334,5360,8714,16217,20858,21075,22006,27820,28973,30101,37043,39492,41803,43388,47158,48109,51427,55809,59281,62034,64003,68440,70924,73949,78647,82972,84168,85279,86798,89429,89490,89626,97406
1723,10572,12436,14759,17917,18559,19872,24899,25119,27602,28165,34520,36111,38152,38647,42968,43620,46356,50959,51984,54512,55597,59891,60121,60132,60941,62037,76095,90530,92788,93380,93466,95405,97842,97950
1760,2131,2171,5716,11448,16199,19148,20060,20599,22538,26145,27857,38782,41828,44516,47029,49047,50024,53018,53260,55934,64497,67860,69318,71719,75969,76333,85626,87802,87845,87851,87866,87909,87910,87912
1765,3862,4495,8211,9806,10100,10740,13223,17204,23377,23909,27686,33870,39072,42911,49004,51410,51667,53270,57079,59221,59524,61986,64246,72187,77706,79058,79078,88836,89488,90860,91010,94332,96554,98880
1793,3582,4834,7019,7216,15123,15781,15788,21297,25877,27272,27882,37612,40779,47161,48946,49330,50317,52186,56734,62259,64027,64370,73741,73786,74552,74567,74590,74847,81944,86453,87680,94023,95636,96623
1801,3366,3619,5051,5769,16173,16731,20167,22500,22917,23570,27040,27515,38087,44647,45071,47085,47101,49820,54579,58248,59842,60498,70614,76772,81484,81546,81680,81684,82740,91210,93646,95440,98321,99293
1808,3015,3233,10887,12893,12897,14281,16396,16627,29915,35072,41437,41886,42464,44204,44448,47421,47852,56735,64506,66107,66674,70552,71025,71033,71364,71764,71777,72401,76588,77601,80307,87923,95826,96708
1812,3877,5055,8149,9231,14670,16148,21139,21472,24793,24939,27501,28536,31757,39607,44118,44681,49766,61913,61962,66105,68424,74902,75022,75031,75032,75060,75852,78881,83255,84537,86873,89020,90879,95628
1816,4325,6445,10504,14474,15371,15506,15677,17854,18004,19133,26311,26924,33305,35023,39434,46423,47871,48364,48990,54234,61274,68350,78551,79505,82954,85447,85700,86539,89128,92793,92850,94587,95494,96467
1836,3208,7551,10510,13342,19058,21911,27998,29685,30002,30629,31870,36847,42218,42731,46056,47958,48754,51690,52841,53595,61784,68453,69975,71644,71755,72773,77039,77542,79815,80311,81361,83752,91267,97866
1864,2555,6519,7547,13128,17436,22860,28290,30297,30808,30822,33181,33874,34402,36453,37578,46574,47268,54965,56233,56659,63611,65427,65448,66162,69889,73088,74392,76551,86435,88103,93929,93939,93985,95355
1865,2534,4737,12738,15672,16131,17309,21958,22167,22900,26254,28885,29237,31695,32776,44752,47645,54496,56702,56860,59241,60510,62544,65067,74689,75616,78152,80376,83469,85196,86699,91268,91466,95695,98326
1872,2334,2430,3152,3943,4672,5900,17068,18119,19268,19735,44564,45181,50241,52152,53572,53775,54733,59153,60074,63321,63373,70548,70917,72006,73266,75186,76735,78587,78602,78644,88308,88378,90326,95492
1877,2653,5240,7567,10381,11881,15036,17985,19343,19848,22730,29051,30209,33702,50063,50339,50809,53231,57169,60550,61674,65339,66954,71694,75329,75359,79235,82297,83068,84000,84242,84318,85236,89337,97881
1948,10407,10926,11565,11734,13469,14096,16590,18022,23694,24960,29192,30365,33941,37644,42091,42500,52351,56435,56441,60561,60963,64463,66102,66598,70520,73856,76616,77938,86186,96885,97752,99584,99615,99617
1980,2561,4620,4711,6208,10168,12699,14223,16885,18187,19677,32932,38054,41815,42191,43919,52685,59111,63123,63179,63228,63510,63831,65781,69391,73465,74351,84229,84627,85011,85891,90516,92967,93678,96223
2012,3784,6444,7568,10084,10520,12608,19909,22063,22592,25472,29770,31042,32315,32430,35897,41808,44060,49727,56447,62853,65698,71135,72061,72635,78778,84547,88849,88858,88892,88895,89325,92174,94803,99572
2037,3372,4455,4813,5585,6538,13773,30973,31354,32616,36323,38341,38718,39404,40630,42552,43464,48096,48160,53327,53673,61766,62707,66255,71016,77900,78540,80263,83607,83885,87096,89256,91669,91724,91739
2092,2558,6869,7403,9779,14502,18451,21642,22802,24470,26107,28296,28569,30884,32227,34528,35128,38132,42535,43386,53931,57610,58654,66796,79379,88319,93634,94166,95096,95111,95117,95160,95276,98172,98846
2107,8503,9478,12027,12410,16443,18474,19308,24702,24709,28694,32118,34155,38931,43095,49393,54294,54314,54377,56607,58050,61840,62681,63604,64783,72339,72388,78577,80064,81830,85000,85547,87206,93570,94009
2133,3847,10238,11945,14166,14245,15428,16000,16325,22196,26218,28850,31060,34388,39041,41937,43141,43164,53057,54112,55244,59518,65230,75039,76922,77206,78055,80140,85079,86258,91513,92373,95274,97287,98998
2136,2646,6749,7736,10452,17175,20072,20855,21618,22329,26585,32012,34247,38103,39301,40741,44953,46465,49467,55687,59688,62308,67339,67570,71345,74177,75195,77352,88690,88719,90511,90602,92149,93771,96882
2189,8821,8855,10148,24346,25422,27704,28241,32062,32612,34368,39150,39199,41372,44259,44738,47630,52243,54367,57513,57752,61430,62161,63892,64461,65767,67972,68908,73354,73365,76731,79218,82492,87006,95879
2193,3066,3510,5734,7961,8996,14482,18225,21291,28679,31314,38360,40565,41073,44759,50272,55753,55916,57249,57465,58887,58984,59050,69901,71816,73071,74090,75271,80146,81141,82894,86016,89811,92203,95483
2196,4544,5794,10076,11823,13274,13952,15975,16681,19144,22920,24146,31088,34999,41338,45113,51312,53475,60744,62107,63486,64260,68086,68132,71890,74945,79629,85139,85642,85760,85765,86766,89704,90424,95298
2206,4415,6664,7631,7768,11672,12525,16192,17682,18277,20679,28863,32854,33520,33527,39630,45418,49826,50411,57699,60985,68102,71853,73081,77693,80933,83005,86834,87891,88480,88490,89309,92087,94057,95368
2237,2917,3062,9274,13091,13765,20038,22466,22555,24149,27841,29287,34975,35257,36608,37691,37749,43103,43174,54867,57010,62572,63782,75421,76480,77757,82439,86227,86275,86383,90838,91176,91191,94020,99950
2238,6637,9922,14661,15635,16024,17766,22444,25560,29389,31130,34441,34677,34809,42047,42844,44638,46785,52606,56939,58415,60413,61950,63180,64920,68914,69243,76633,77131,87013,91424,91559,93434,93673,96533
2259,5331,7256,13758,17512,19908,20119,24460,25926,27700,30695,37204,42521,44120,44546,46140,47270,48389,51720,52444,53173,57356,57455,58787,60090,63141,67241,73001,82090,88595,89074,89465,89569,98638,98674
2282,9091,9409,11221,18535,23672,30575,32955,34348,34353,35308,36028,38974,40628,41307,42100,44510,50098,52971,53639,53752,54529,56691,56913,57031,59881,61327,65891,79797,80590,88760,93391,93964,94232,96874
2296,2445,4423,4987,15445,20047,21585,22429,26755,27429,31755,32167,34764,37487,38790,39738,43947,48787,50192,55749,57052,57314,58460,60628,65625,74831,79019,84037,88021,88027,88046,88082,92753,93321,99194
2303,9000,9371,10999,11519,13369,13632,17685,18083,20779,23270,24297,28787,29795,37729,42048,42317,42657,62217,63189,64138,66672,67466,68528,73445,73934,77794,82971,83567,91548,91550,91989,91991,92011,94977
2343,4372,5976,9013,9341,13837,14931,15395,18309,19368,21238,25663,27678,30155,34015,35760,40642,46672,59961,61818,63265,63500,65051,71785,74396,76242,77489,86009,90739,90827,91469,93320,97567,98317,99164
2389,2728,6705,8079,11926,13437,16457,19577,27844,27976,28839,30194,31668,37486,38277,38552,41873,42502,47889,58312,60385,63297,65423,72887,73090,77242,78277,85001,85008,85206,85219,85651,90897,95558,99776
2413,5447,8182,10246,12204,12626,13189,20247,22869,23244,27995,29625,32263,37636,40450,45892,49408,53800,57678,58443,59168,60019,66008,68432,69099,73935,78983,82516,82725,82733,84831,86566,90106,90741,95908
2418,3905,11230,13651,13671,17089,18307,20879,22051,25644,25724,26389,34995,35480,42506,44770,46874,50353,53963,59640,59948,62112,64239,64263,65350,72359,82338,82350,82355,82367,82446,86362,87776,95250,96573
2419,5738,6971,11277,15616,23259,26111,28739,30981,36262,40685,41756,42756,46279,46339,46656,46733,47097,48197,49551,49745,49837,60705,62120,62128,65253,66394,71076,77984,81739,83565,84042,88555,93496,95566
2459,14818,15143,15153,16530,17296,23438,23767,27978,28365,29597,37258,37711,39234,41827,42299,44746,46369,47291,49149,54587,55563,59978,60139,69317,71375,73420,76774,79005,81619,81700,83791,94072,95041,98818
2464,3039,4969,5043,12921,15849,16412,18480,20919,22878,23620,30582,32228,37611,41010,42789,46092,48327,49087,53122,59428,62704,63833,70707,73041,77552,80595,80623,87075,88697,89323,89502,90438,96612,98055
2480,4668,8377,10768,10829,12316,13234,14076,20176,21233,24883,28573,36388,42354,45164,45818,52138,54599,56686,57884,58979,63667,65495,67309,69073,72242,82215,82581,82641,84013,84978,86284,86886,92795,93825
2498,6033,14485,14880,16278,17279,18684,19431,21296,22099,24900,27838,31466,33213,36679,40114,48245,51999,55453,58289,63422,65329,65407,66601,77521,77526,77537,77629,77633,78161,78770,86387,87482,96057,99006
2503,3832,16078,18592,21583,23355,24822,24849,25080,30917,32133,32177,35564,41761,41946,45310,46459,46932,48368,50217,58244,59701,60569,61940,64337,71325,77730,77822,79212,80917,81187,81516,84354,89677,94618
2517,6564,11874,11963,12531,16504,20317,21720,24988,29310,32860,32978,33211,38684,41659,42116,42934,46471,50817,52535,54594,56830,59551,59561,68038,71625,75709,82132,85762,87829,89596,91326,91892,94048,94581
2577,5961,6402,8620,10507,14832,15779,16985,17586,18604,21159,25566,27293,30220,30479,34156,42770,48805,54115,64073,65480,66574,67229,74882,75880,77455,78211,84106,84154,89528,92150,92311,94050,97416,99712
2597,7281,8632,10409,13002,15200,16650,19122,22087,25918,27708,30853,36781,37251,41186,41707,42117,45529,50122,50420,52595,55683,61393,61525,63125,72932,81737,83557,84473,88340,92350,96822,97814,98978,99731
2641,8422,9972,12651,15043,19110,20417,20886,23084,23185,27122,33208,33281,33634,35349,37841,40879,47090,51098,52400,54079,56962,62048,68922,71058,71821,75951,78454,82941,86777,94493,95005,95588,97067,97148
2694,5256,6406,6878,9822,14406,19610,22529,25311,26044,27727,29430,32914,35426,36230,36719,38715,39372,45428,51884,55661,55733,70180,73642,74367,78819,79694,86927,92217,92227,92275,92284,92293,92678,93829
2715,7237,8786,10331,10527,13225,17216,22061,23769,27333,28331,30768,31251,33192,33323,38046,38166,44243,48325,53724,57947,65733,68158,71152,75245,75752,78410,79269,83373,84056,91296,93705,93820,96124,99018
2854,5721,6099,6945,7086,11804,25500,25726,25886,26464,31748,32077,36556,37121,41119,41734,43544,44487,49783,54107,60694,63825,68252,69114,74073,75669,80877,81528,81741,82483,83882,84303,85952,92660,94213
2918,2926,9278,12173,12180,16159,16575,19822,22588,25376,26225,26748,31164,34824,37273,41834,48864,53693,54998,56418,56744,57902,61867,63552,70926,72700,76441,76654,89175,91050,92044,92108,92151,94983,95294
2946,5285,6273,7476,9312,11150,13227,21397,24884,27828,34629,35439,37522,44045,47111,47678,48395,48887,49294,50921,56837,58146,61575,72672,72686,72991,76867,77615,78970,79901,80723,83153,94267,96302,99223
2976,3591,3845,7037,8577,11668,13525,15668,26516,31277,32856,34796,34922,43770,45429,45900,46447,47308,50301,52919,57060,59637,66747,66800,66821,67073,69771,72390,81606,91537,92476,93732,94069,97227,99353
3014,4327,9276,12636,13403,14424,23839,29421,30123,30605,33048,36580,37462,41374,44452,45620,47975,49637,51277,60546,64809,65820,66119,68361,68993,69265,69266,69295,70697,74527,80448,81491,84271,88279,94947
3043,12514,14246,14555,15980,17572,17899,18393,24985,31591,33344,33904,36298,36965,42231,45060,49056,49680,50084,50594,52208,52481,56992,58020,64264,69031,70217,77024,81080,82290,92630,94224,94354,95285,97533
3050,5050,7374,9967,10159,10853,14523,17033,18950,21422,22633,33584,35492,41305,42060,45674,49302,49747,53974,54839,59156,61507,61978,65163,71122,71246,74334,76799,84519,87116,93752,93801,93859,95042,99242
3055,7162,8236,8336,10658,14873,23726,25654,27655,28084,28920,31872,34495,40257,42381,42588,46149,52609,53451,53488,55596,56196,63924,66160,68242,68250,68376,70921,78455,81800,88261,92323,96747,97327,99400
3058,7138,14436,15342,16222,17056,17787,19969,24533,27883,29125,30576,31370,34609,36329,40700,45238,46434,54065,58915,64554,64826,64942,68389,68996,70479,73103,84483,84533,84652,84710,84711,84728,90024,91712
3079,5846,11745,14746,14857,15536,17863,21524,21884,29536,31602,36051,36697,38435,40089,45500,45894,46572,46703,51227,53969,55497,65994,66168,70331,71520,72677,85047,85088,85156,85164,88852,88874,91047,94857
3092,3151,5454,9716,10011,10434,12836,17467,21774,26847,28013,29702,32256,39878,41002,42859,44184,45922,51267,51610,60910,62994,64035,75158,75172,77732,77783,83533,85264,88903,88937,88949,89048,92295,97439
3125,7781,8204,8471,13659,15778,17523,19537,20652,27797,28051,30529,31445,32989,38507,40388,42301,46963,47906,48079,48680,54180,54327,55811,72976,75970,82038,86402,95482,95978,96004,96043,96053,97725,98273
3158,3628,4320,10578,13180,14025,15364,15866,18343,22191,23194,29822,31317,32375,39595,39754,44707,45362,54632,55451,55660,62008,62439,73809,74348,77385,78988,82250,86657,88145,90797,95082,96551,97263,97383
3172,6350,7235,7377,7432,8508,11737,16202,23490,24515,30163,32438,35759,38116,38897,43762,44485,48019,49568,61397,67427,67760,69949,72453,72547,73390,74686,81829,81935,81937,81953,87326,88302,95703,99808
3182,3395,4430,5391,10104,12535,13759,18012,19912,20513,21558,23803,29578,29898,30152,33069,37810,40526,47839,48441,64095,66847,67580,69032,73413,74383,91271,92785,97110,97131,97162,97187,97220,97258,99246
3191,3649,5784,8631,14099,14943,15092,18818,21508,24111,26256,31004,31455,32620,32982,39662,42544,42772,49856,53151,56784,60028,61481,64466,64698,70460,78953,88785,95691,96180,96309,96675,96705,96717,99567
3199,4506,5263,6165,8057,15022,16227,16702,18621,21142,25844,31271,32621,41910,47658,49201,52258,54742,58010,59158,59205,61308,66181,69249,70038,72447,77132,77415,80670,83692,85393,87943,87994,91511,97872
3227,5093,8770,9832,12292,18669,22047,24161,24180,24187,29502,32247,32251,36104,36520,38667,49777,50527,51439,52122,52267,57640,57741,61415,67846,78370,78376,80149,85132,85291,89440,93447,94329,95702,96868
3307,5621,7050,7744,9979,11479,14057,14393,15108,15111,15448,24537,32820,32949,34294,35620,41990,43184,52895,55358,57041,59928,69606,75478,77324,81090,85969,87781,95454,95464,95470,95499,95500,95526,95553
3316,12265,14352,15485,15890,18415,18463,19596,20528,21266,24000,25424,27571,32224,32937,36302,36543,40015,46011,55327,63442,64966,67167,70949,73912,77065,79639,80614,81976,85403,90783,91472,95929,96611,99769
3322,4625,5203,11844,14249,15438,22120,29966,30211,34623,34813,39323,44724,45975,47456,48304,50756,52097,56029,59315,62410,62487,62899,63344,64360,64520,64530,64685,73198,75396,80846,84910,86704,87317,87628
3340,6811,7699,11322,13522,13600,21751,23487,24652,25385,26892,27747,31375,31874,37670,38012,38863,47304,49693,51221,52314,53790,55521,61510,66246,85257,85695,87633,88473,90737,91404,95246,96341,96344,96896
3353,3625,11446,12910,14995,15338,15868,16671,17890,19559,20945,25858,33085,33127,38841,41806,54595,58378,59839,67200,67868,71181,72170,74107,74526,76726,77582,78391,78412,79401,79432,79444,79475,87318,94265
3385,4027,4867,16260,16733,16819,18475,18865,20787,23945,28210,32289,33539,33764,35173,35721,36167,42822,45599,54250,59859,62077,63546,63852,67812,75503,79716,83194,90652,91037,94103,94159,94226,95473,98721
3401,10930,12021,14242,18470,20327,22596,25506,25735,26616,26703,33448,36718,36998,37762,39156,40849,44623,48319,50182,57973,58166,59423,59841,65227,71256,73283,75649,81145,83524,93127,93593,95898,96406,96514
3430,7836,8772,10844,18500,22617,28902,28990,30150,33314,35333,38088,39819,40527,41966,42261,42509,46833,52428,55360,56305,59904,61694,63147,63469,66877,67479,72695,73731,74611,79836,88451,89989,93046,95914
3473,3644,3666,4982,9545,10318,11654,13212,13549,13656,14477,28663,32835,36885,41750,44378,52038,59345,60596,60973,61062,63280,68545,71468,74186,78392,78758,83529,85225,87602,88604,89261,90343,97629,98104
3477,4760,6977,7904,13861,14590,16385,18508,18579,19763,24756,29246,34330,37353,38967,46514,52043,55514,55861,59792,59940,63487,65971,67471,68117,69059,79720,82271,83035,83402,85162,85304,90567,95858,97083
3506,10067,12451,13000,15274,24836,26099,30059,33868,34611,35835,36170,38571,41216,41337,41718,42857,43239,44358,44728,48330,54952,57103,66254,71786,76342,78307,81079,82787,82803,82885,82896,82902,82935,90466
3563,6422,7834,10635,11118,15609,16714,18340,19529,24629,24656,30143,31290,37139,40767,41156,41854,44818,46272,48362,58899,61906,66896,68928,74173,85251,85371,85532,85539,85597,85619,90702,91473,91620,97271
3604,5016,8388,11620,15254,16380,16447,17032,17196,20475,20660,26473,27387,36883,40579,43557,43924,45282,54708,60111,60491,60575,60604,71602,71902,74171,75204,76403,79665,82195,98066,98068,98560,98571,98574
3623,12550,14572,15475,16441,21793,28153,31550,33220,35038,35167,37415,44210,44919,45255,46065,46217,48005,51797,57020,57265,57712,57919,58878,60156,62384,64301,67251,69100,69673,80059,86350,88233,91162,96699
3676,3913,5036,7223,11476,14412,15255,16264,23242,28612,34078,40719,41360,41945,41956,42999,44007,50101,58466,60640,63001,63091,63430,63766,76716,77719,78944,79858,79949,83869,83876,83879,83880,83912,84357
3793,3821,11662,15743,15848,16313,17220,26239,32829,33156,33511,33820,37197,37806,39181,39789,41102,41720,50109,54630,57976,58841,70090,74846,75088,75572,75863,76827,78900,78948,80873,82955,83465,84930,94964
3815,6441,11961,12521,12951,17005,22903,26859,28630,28659,32903,34637,37303,40986,45559,45897,46887,48800,54415,59885,60119,60313,62231,63188,68758,68880,71993,72878,76897,76975,77778,80296,90544,92858,92902
3819,11263,15798,16814,17213,18137,20522,21968,23076,26438,28791,34417,44689,44957,45715,48705,49356,50054,55478,57141,57212,58593,60697,62035,65001,65565,66518,67009,70411,78808,89780,89832,89850,89962,90003
3861,4921,7989,9829,10126,14548,18082,23392,25602,28591,30633,30761,31659,36906,40706,50580,56292,56398,60471,63851,64037,64953,66641,66743,66876,67151,68486,73368,75430,78784,78908,79899,84160,96524,98469
3902,6635,7888,11653,13184,14397,15552,17167,17844,19283,27724,27741,29130,32494,32975,33453,34231,47789,58885,62527,63974,66640,68377,68718,70529,71646,78061,86942,88677,88805,88810,92201,95647,96003,96143
3942,7205,12763,12978,12984,14692,16629,17473,19986,23741,23794,26015,26153,28622,33245,34092,41689,44551,49490,49555,60808,63789,64596,65071,68309,73440,78067,81428,90334,97810,97990,98031,98032,98619,99704
3960,4092,6127,6711,10247,13003,13523,14366,20616,22297,31499,32020,33437,41018,41041,45481,54432,55087,58160,61680,64020,65911,67894,67985,68648,70524,71840,75483,77974,79627,81921,85408,90426,99451,99718
3963,10797,11115,13728,17740,17747,19751,24206,24661,27437,29893,31270,31790,43380,45279,48816,50265,50549,54465,54482,54771,57547,59308,59609,62824,67742,71237,71485,77558,82541,87521,88657,91761,92600,99132
4035,5779,8285,13266,13544,21414,31194,31513,31839,34141,34649,35488,37685,38871,39087,39311,40040,49122,49516,51446,57962,58579,59879,65667,66961,68503,70176,73192,75361,81595,82060,84172,87186,95855,98254
4074,4432,10133,13829,15800,18427,23174,33721,34005,35494,39091,39474,41271,42286,43016,43210,44934,51340,52684,53672,55154,55502,58161,59003,59909,61228,66086,69326,74303,77641,85029,90842,92025,93539,93812
4155,4703,8852,11986,14112,14917,17877,19796,24002,24717,26251,26734,28766,30747,47670,50555,50579,51293,51511,54255,54501,57846,60179,61121,72769,74707,78241,80749,81902,88587,88850,89238,91980,92937,98542
4181,8670,9610,18250,18523,23208,24723,25847,26303,28025,28576,34686,35554,38997,43240,43737,44895,47709,49164,55140,56492,57088,62601,66155,66163,75889,76510,78038,78667,78917,81531,83390,84214,87408,93526
4210,5383,5557,8441,9552,12833,14467,15407,19732,23638,25673,28343,39243,44986,45270,48475,49009,50583,50979,59324,60903,63396,66229,67238,70899,70933,73485,74362,76458,76534,91624,93633,95812,96458,96558
4216,5024,7488,7519,7936,8066,9897,10178,12341,26550,27195,37782,37862,38996,39583,45648,46951,48616,49986,62495,64542,64870,64989,69474,78930,78990,86093,86477,86481,86511,86546,86556,86741,86746,87352
4280,7509,14812,15285,17181,18424,21727,24737,28143,28528,34176,35088,35431,38675,41411,43271,43555,46431,48554,53208,56767,57469,62713,63000,68205,71243,72410,73677,74428,77703,78134,89568,93684,98075,98125
4296,4633,4697,6634,7211,13215,17754,18548,19598,21245,23186,24800,25186,30199,47011,47477,47803,48029,56333,60765,60945,61611,67660,71259,71270,76023,76310,79358,83862,87132,87795,91477,95540,97628,99137
4321,5295,10444,14538,15888,17064,17088,20268,20541,21448,22137,28817,31030,35627,38937,39764,39906,41054,44696,47348,52486,53710,64667,65348,76617,81109,83702,89709,90700,91912,92946,93086,93284,94629,95511
4334,9856,12811,14968,15498,16180,18452,18730,20444,21961,25650,26231,31279,34705,40503,43954,44217,48985,54259,54700,55504,64262,67001,67898,68548,70446,76167,78075,79045,88209,88212,88224,93524,95668,97127
4341,5922,6786,13397,14177,15431,17356,20175,20279,28221,33809,34501,37423,37602,40065,41067,45099,45877,46996,53155,61264,64010,64315,68902,69124,70415,70928,80126,82817,83686,85486,89888,91229,91943,99815
4349,6638,6808,8559,10772,11300,12769,19591,25624,26058,28455,28683,28961,40595,41218,41938,44971,47109,50259,50744,52730,58508,60576,63895,72434,74738,74889,81126,82781,86665,94738,97456,99850,99912,99928
4362,5661,8080,8811,9301,9588,10350,10533,18718,20435,27596,34536,35084,38356,43140,50172,50977,52672,56751,60477,62896,63908,72571,73653,73703,75464,75774,76096,76110,77527,80548,87017,89652,95408,99700
4436,4848,8775,9988,12044,13106,18445,18793,19459,23780,31052,33546,35375,37183,39699,40194,47872,51964,56769,57181,59672,66419,70060,70377,71483,71557,72630,80677,81179,82202,84088,85115,89169,91398,95092
4440,4619,5073,8958,10749,15693,18679,19142,20173,24252,24477,25656,27007,30470,33352,33389,34591,43888,45341,50724,50740,64782,77137,80929,82299,82646,83750,84254,85858,87438,89321,94081,96319,97216,98184
4459,10068,12161,12184,12201,14766,23312,23539,24924,29524,30254,42609,44980,47558,50575,51133,60336,61028,61983,62531,62559,62590,62708,62816,62868,62873,64471,64796,67747,73483,76529,77617,80062,85994,88389
4528,5974,6083,7157,12062,13445,14620,19106,22972,31348,37498,42251,42367,43831,49669,49718,50211,51776,51844,55326,58689,59060,60585,71383,71464,71479,71810,76720,79612,80480,82089,83883,84092,84817,87678
4531,6832,13444,17262,19195,20266,20494,22745,23781,29774,30361,32730,35533,37253,39736,42866,44892,48374,48478,48625,49936,55279,57606,64299,65927,68867,71982,72838,86081,92469,92483,92509,92575,92651,92953
4534,14536,18922,20631,20689,24245,24687,25641,29399,30235,30358,30931,32618,33393,33514,33726,38375,45554,45945,52221,52375,57648,67328,69349,69408,71059,72761,73058,74999,81316,82451,87328,93672,96005,96716
4768,6695,7378,10990,13923,17422,19602,21024,22742,31807,33637,39720,39865,43467,47155,47955,49017,51099,55927,55953,56502,63418,66593,66721,67147,68347,68963,69258,70708,78201,80888,83061,86022,93836,95816
4871,9591,11239,15070,17519,18846,19044,19049,23621,36134,36598,38156,41154,42944,47287,47416,47760,49141,49210,52623,53461,54506,61979,62314,64510,65283,68019,73970,75395,78871,84257,85705,88923,95063,96098
5113,5580,5822,9758,15808,17798,21227,21685,31771,33247,34021,37054,37805,37973,43406,46888,46940,52306,52928,54508,57824,61595,62491,63217,66862,67932,68437,69593,81295,82946,84667,84824,87504,89741,95061
5140,6194,9715,11900,19663,21523,21979,25065,25384,27682,28852,29233,34411,39377,43262,43335,43746,48916,52925,55875,56046,56554,58184,60386,70423,73496,77640,77876,78878,82959,83631,83918,91673,91686,98100
5187,14787,18235,19505,21328,22601,24716,24719,25208,26400,26569,26676,29492,38400,38670,40178,40339,41871,47535,47686,49397,53590,54438,55938,59385,69420,80234,88271,88536,89842,90169,91436,93212,95148,96509
5245,9186,10753,14983,19609,19686,20524,25060,27911,29681,30793,32945,33695,41608,43726,45719,45957,47620,47886,54518,58008,58042,60183,61151,62285,63559,70719,79433,80591,84144,86980,87386,87559,89062,99420
5283,6791,8912,12594,13146,17533,19381,19500,19970,20716,23344,24952,32310,40029,42093,43330,43455,45267,46666,48968,59366,62358,66996,70159,71216,72737,76940,78511,85585,87797,91668,92092,93199,94441,98322
5329,9517,9866,10665,11219,18135,19601,22387,31305,34767,34987,36138,37757,38440,48570,48697,49886,57802,59516,59824,59962,60419,60518,60535,60564,64784,67379,67525,73146,75618,78678,84456,90047,90222,97366
5416,6305,7645,9799,12819,13966,17609,19979,24418,25963,26528,28320,39516,40800,42791,43176,50499,54300,55564,59973,60464,63416,64296,64666,69038,71284,75344,75849,77411,77476,80475,88912,93337,93822,94451
5452,7559,12877,14510,15575,19094,19687,21086,21344,22360,25716,30477,32942,34653,34665,39600,44024,45364,52766,57228,57668,60964,63653,68734,68946,72909,75593,75836,79893,83394,87798,93574,94990,96079,98617
5515,6251,6824,9656,10332,12133,13574,16167,18136,27014,30136,31678,35016,35315,37886,38329,40410,42673,44873,50658,52521,56891,65965,70070,70696,73339,75776,82934,90225,92299,97793,98610,98625,98649,98658
5546,7404,7630,8612,14600,16299,19411,20118,22694,29824,34397,34576,36190,36214,39615,46624,49429,52459,55068,55171,60939,61113,61518,66381,67941,69819,72526,74021,79400,81987,82437,82862,85577,97667,99558
5646,8518,11622,13790,14836,16145,17207,18946,24155,30659,32696,32785,36943,38228,44977,46481,47900,48699,50603,56062,57498,59129,60802,60917,67923,69540,77950,78092,78093,78131,82655,86025,88898,95137,97939
5677,6899,7452,8302,15404,17580,23139,28186,29751,33347,33902,37492,37613,38222,40268,41903,42276,43021,43588,44163,46200,58431,58481,60651,67432,67665,69047,86345,86534,88825,89711,91615,93670,94770,98065
5703,7239,13817,14936,18149,21225,21630,23954,24104,25233,26192,26232,35049,39415,39753,42365,42580,46594,47239,50187,50255,62518,64230,69958,69976,70299,73270,75761,79286,86219,87462,91771,92418,94707,95901
5728,7065,8745,9683,14022,17281,17369,19350,20002,22257,27249,28935,32214,36066,36898,42421,57182,57876,58701,62995,66833,68137,68848,70026,70093,70158,70191,70199,71495,77720,78886,88926,91018,93402,97656
5796,9311,13270,15515,16063,16963,21667,22464,22723,30818,34404,35095,37851,39457,40254,43867,43923,51452,51575,51699,52392,57755,59225,59284,65447,68220,68414,72445,74239,89143,91380,91976,91996,93484,96060
5854,12784,13219,13926,15248,19731,23252,26005,26889,29225,29632,29805,30376,32677,35771,41471,43002,45259,47999,50165,52041,54510,61663,61676,62334,63122,70400,84134,88428,90575,91551,92140,93469,97706,99588
5872,7642,15214,17958,21352,22265,24685,25581,29486,29873,29919,33535,34223,40004,41555,43684,44809,48301,49480,51758,52337,52341,55408,56479,56800,66145,67774,72727,82852,83464,88100,92666,95072,97580,98686
6167,10195,11496,12371,12804,12861,19725,19897,22943,29546,30066,34318,45138,45940,45978,46957,47752,48734,50792,55133,55957,56814,58531,59886,61035,71980,74777,80216,80232,80236,80264,84958,87440,95909,98579
6206,6209,10266,12814,18065,18774,20583,22931,25696,26048,27965,30945,35445,37539,41110,43928,46743,48010,53248,55021,60593,65472,65741,71554,71589,71990,73813,76854,77418,81423,81748,84400,87730,88639,89117
6238,9793,10009,14713,17769,20720,21746,23796,24334,27325,31572,33167,35418,37172,37537,41429,42958,44973,45657,49095,50163,56175,58457,66151,79548,82193,83143,83160,83182,83195,83218,83305,86111,89719,92486
6312,8864,8919,9172,10993,16056,16246,17722,17843,19937,23381,23916,24007,24051,29047,32468,38526,39901,45359,51332,52147,60587,73149,81366,84397,88792,89543,90432,92969,92977,92982,93017,93031,93061,93125
6848,7007,10839,12238,14528,16208,17950,19857,20350,22174,22992,25371,30098,30448,36229,41005,41708,47496,48538,49499,59184,67259,70574,75505,76638,76677,78214,80619,81781,87050,87093,87144,87149,99673,99684
6850,7708,11850,13192,15075,19198,23475,25687,31730,33256,36763,39715,40756,41032,41928,42995,44811,45124,46093,47885,47989,56539,58066,61237,64857,68274,69401,75658,78264,78618,87764,91623,92017,93298,96899
6881,9617,12181,13364,17628,23680,24863,28162,28784,30265,34098,34619,35264,40337,43107,45220,45384,48360,48996,54495,59957,63764,66153,66789,67809,71864,71964,71977,72016,72028,72137,74184,92413,92857,94410
7046,7738,8891,9606,10812,13097,13718,18532,24557,28587,30915,36095,38873,39723,40744,44521,55401,57864,58515,58681,59136,59821,67726,68557,72199,72836,74951,75215,78287,79922,79933,80352,80806,86639,95331
7184,7427,8699,14619,18282,18901,21441,28176,29633,30587,32283,33114,34127,34385,36382,39025,45045,45067,45088,48257,49597,55363,56933,69601,71268,72907,75694,78378,82790,89774,90076,90123,90163,90182,95056
7539,7697,9871,11200,12723,14036,18021,18954,19676,25357,28144,34984,35364,39832,40263,48958,50167,56724,60251,61420,64609,65419,65452,68971,69887,72933,72955,73033,73109,73800,82962,83827,86058,89212,92219
7751,14551,14997,17812,21179,21197,23968,25725,28978,30693,37675,40148,44912,48334,51725,52060,52575,54991,55184,55463,57326,59006,59463,61266,64691,66280,70332,70405,70461,70469,70506,70973,75687,84190,84654
8087,8469,9455,9512,11274,15913,17268,20365,21007,23908,27324,30656,32940,39549,42554,45557,49878,51653,51662,52181,54548,60530,62069,66527,70129,74619,75104,75903,77504,87045,89560,90580,92317,92381,97599
8147,11687,12218,14503,19237,23473,27833,28141,36692,37045,37585,37717,39095,41593,42732,45514,45530,46104,46555,48598,48924,56400,56888,58640,61429,62105,65038,67989,74389,76891,83045,87546,92058,96647,97639
8701,11491,14266,15659,16487,16588,19239,21399,22833,23160,24791,27829,35893,39315,40782,42270,48708,50065,56121,56796,59207,63633,67082,69133,69210,70334,72182,75330,76835,78321,78905,85726,89471,90303,97562
8906,9016,10203,12110,20137,20671,20745,25118,26775,27261,32950,32957,34418,35186,40059,42045,42107,47178,48275,54312,55080,58314,62505,64909,67317,69991,70150,73864,82337,84618,88142,89152,89192,92594,97033
9940,10330,16695,17995,18833,20613,24036,25364,29144,33650,37470,40851,42805,44813,45222,46148,46673,53864,55970,57922,58135,59044,60433,61570,61743,64528,65688,68045,72474,77063,78966,78980,81585,82991,86044
11505,13175,13278,17021,17443,18380,18780,20023,25474,26230,30430,30456,32015,34105,37840,41153,43041,45419,50865,52995,62821,64928,68810,69436,70143,74112,76199,76792,77068,77259,84386,84762,88603,89281,91399
11793,13787,13801,20770,23795,24622,25386,26221,28413,28522,31142,31632,31751,32171,33318,42608,46260,47238,49223,50581,53795,54230,57127,59032,61598,71337,72681,77149,79175,84524,85148,87259,88682,95404,95452
16782,19373,22695,24544,25744,26992,27557,27589,29660,31051,32939,33857,34040,37319,38498,38714,40456,41529,42998,44245,48527,51801,64658,66685,69787,70826,71157,71175,71288,75398,80679,85099,86631,87001,98333
