80888,91511,91513,91620,91623,91624,91668,91669,91769,91771,94344
33352,70574,73703,78781,92808,92817,92828,92850,92857,92858,92894,93678
43464,47784,48864,51427,55154,84654,95082,95096,95111,95117,95148,95149,97950
881,1694,4160,20716,78988,95540,99687,99712,99718,99731,99733,99748,99769,99923
37096,38050,52200,54771,55762,62259,69258,79316,91863,91877,91882,91885,91889,91892
30915,42195,42261,42354,65446,84378,84386,84397,84399,84422,84452,84464,90343,95588
28116,32438,41718,46369,55660,88036,88046,88054,88057,88082,88095,88099,88100,91130
13403,20350,26251,30575,58802,64031,68250,89381,89385,89408,89425,89427,89440,89443,92429
3401,26916,30194,36248,38400,58534,60651,70038,93542,96882,96885,96896,96922,96924,97567
25818,32677,34649,45300,45364,50387,50977,64299,70469,96227,96232,96302,96309,96332,98658
13166,21558,32785,38222,53843,57277,59273,78653,92011,92017,92021,92025,92044,92059,93046
1793,10084,26837,30297,61598,64010,75104,78644,86449,94161,94186,94193,94205,94213,94226
19144,21481,30884,40744,44839,54506,64784,73874,76551,95257,95274,95647,95660,95664,95691
13861,21685,24357,33256,46773,57825,86823,87909,88233,88237,88261,88279,88300,89074,97127
875,9556,23160,36104,50957,61880,74619,82810,93889,93893,94023,94048,94050,94057,96079
802,2294,15438,21085,41895,49047,69700,75359,88642,90776,90783,90827,90829,90838,90842,90843
8632,9715,10711,18445,28817,43721,51340,76630,86345,95060,95063,95067,95069,95072,95153,95160
2988,11187,11986,34796,36898,72332,73093,81255,84242,84251,84254,84257,84271,84303,84310,85577
9517,16142,16325,20177,28695,43098,60385,89116,89118,89128,89143,89152,89169,89175,89177,92483
5585,11330,19044,24920,27585,55938,61454,68821,71719,73465,96365,96370,96392,96399,96429,98184
15232,26308,27965,29736,29893,34376,47906,62491,76774,92217,92222,92224,92242,92275,92284,95855
10753,15849,19237,24460,34536,46963,51533,67453,75195,92317,92350,92361,92370,92373,93625,98625
13397,27493,31870,34335,43164,43861,44919,49496,59841,92612,92629,92630,92648,92793,93684,94628
34987,36220,37067,48577,50437,60561,72686,72688,72695,72700,72708,72724,72727,72737,73354,77132
12978,13003,21225,33448,50442,59505,60204,69847,70697,76167,79995,80670,92937,92946,92967,92969
21618,29834,30368,47843,48323,56557,59127,78151,78152,78161,78192,78198,78201,78214,78215,80846
2610,19087,19501,29546,44710,45877,46459,61645,91162,91171,91172,91176,91181,91189,91203,92311
10797,27099,27394,41724,45519,45862,47463,59987,65202,73632,92509,92524,92526,92575,92593,92594
22238,24418,26892,32937,33810,43931,44000,48564,70961,93131,93133,93142,93182,93212,93221,93228
10422,13171,17844,19485,46423,46859,64370,73813,75478,80149,82862,93279,93302,93311,93321,95911
11457,21457,21627,23631,44564,48029,48650,48958,67242,81413,94824,97599,97628,97629,97639,97653
2384,6587,7539,11745,22256,47989,50172,68377,97752,97771,97793,97801,97810,97814,98066,98144
1765,17089,21700,27092,39699,40148,50054,57052,58640,98075,98096,98100,98104,98125,98130,98131
8647,12811,17985,18679,19368,25650,41496,72672,94618,98250,98254,98273,98317,98321,98326,98333
3819,4978,8891,26107,33061,36088,62704,66058,68086,95317,98783,98810,99117,99132,99137,99912
132,10063,16782,18119,31277,36382,53499,69038,75814,84020,85767,85787,85797,85813,85841,87531,88338
3043,5354,14690,15092,27325,31550,48570,48617,75587,82072,82437,84088,92982,97131,97148,97152,97162
5182,8708,15290,32001,34705,49356,50431,55438,62868,80929,86094,86114,86116,86122,86157,86168,88321
3293,12027,31790,40072,44031,44738,46834,48754,53636,54344,55564,90230,92323,95558,95566,95612,95628
14968,15575,29832,31695,36947,38342,49386,54211,54512,72677,81502,81741,87678,87680,87730,87760,87764
1458,19857,31251,38897,40685,69787,69794,69796,69813,69814,69819,69825,69831,69849,69855,72320,97349
2973,7358,17580,19763,31042,36066,41956,54495,60154,76438,79031,89263,96458,96467,96612,96617,97727
9413,13606,16540,30123,30211,32609,33571,34894,50111,64783,89261,98667,99230,99235,99242,99246,99258
10266,22869,34348,39273,39549,44060,46031,64481,64609,64654,73339,78098,83581,83607,83631,83692,83912
3651,3943,4430,28831,40518,40709,48364,50255,59241,66246,67106,93377,95137,99524,99538,99558,99572
20613,27027,27036,30761,34520,46798,50744,57729,65563,77783,77786,77789,77803,77938,77949,77959,94202
1595,14590,24960,29024,32835,38152,45854,52895,58168,66105,86139,91001,91010,91018,91037,91050,94567
1538,3801,6899,15364,25386,54263,55875,83469,83485,83508,83509,83516,83521,83525,83529,83533,85279
3518,3666,12410,24425,38724,47270,56898,60518,71872,84958,84982,84986,85000,85001,85251,85257,85264
10100,17064,21031,27602,32315,56479,61429,68440,77200,78455,78511,78529,78551,78558,78577,78578,78581
8037,9697,10002,13966,19428,27797,61237,65230,69592,88356,88468,88473,88574,88579,89033,89048,94483
7714,10488,10578,27882,33167,37361,48309,50833,54599,57196,94455,94462,94476,94493,94542,94551,94894
1185,8492,17007,20033,32989,37121,37481,39577,43684,50581,61243,85765,93402,94249,94267,94284,94311,94329
4879,17572,19962,20487,20795,29524,37522,48787,60609,64884,76662,85321,85374,85499,85505,85532,85539,85547
11888,20118,22802,32921,33764,33777,34563,34948,49145,53592,56178,71890,73192,88682,95464,95470,95482,96124
9651,15959,26218,27122,35320,36728,41462,48554,51918,56674,58146,67202,70933,78984,93391,93434,93447,94857
324,15646,25687,27917,30808,38684,42934,48096,58681,61274,64193,64778,85047,85079,85099,85115,85139,95499
13962,19446,22006,23954,30797,30853,40257,41734,48005,54355,63321,71990,77504,91399,91424,91429,91469,96095
8559,10999,22051,28409,31209,33532,45164,48718,50907,60119,82111,82124,82154,82241,82243,82252,82258,84950
2107,8147,14839,18831,19969,34247,46922,60771,62384,67808,69178,69629,78342,78703,87006,93244,93539,94334
2809,11434,18556,27512,27531,28221,30403,47657,63661,64246,64945,67819,67898,95285,95290,95294,95298,96141
2854,7851,11221,17685,18094,42375,47886,52274,52354,62097,68361,71810,78990,93055,93113,93125,93242,93613
7699,10148,10350,16208,38997,41372,47178,48441,56724,59046,68376,77265,80917,87423,87425,87440,87491,87500
18901,19663,22507,29421,30221,37685,49637,53080,55463,62530,68149,76720,79000,79019,79051,79072,79204,80677
5263,21078,21157,23815,25065,34984,38287,45088,59862,61978,77582,77880,83130,83444,84190,84195,84762,88240
46,6695,21642,21712,24945,43021,45710,55991,61743,77585,77601,77615,77617,77629,77771,77778,84922,89977
2976,13215,17928,18669,20569,20702,23796,55514,61646,82053,83068,85016,85023,85155,85156,85162,85164,89188
3776,17917,19335,26616,42701,42756,43726,44980,45957,55916,66151,75172,85403,85411,85447,85451,85490,87795
1812,6637,8503,28176,36692,37918,39738,40987,55768,59158,60543,88209,88690,88697,88766,88772,88785,92149
5011,5654,17512,31493,33902,35533,37719,42554,46511,56233,58046,58336,89931,95914,95931,95957,96057,97706
67,1472,10527,12407,14522,16199,33868,38863,44404,75875,75969,96533,96535,96543,96551,96553,96554,96558
6209,7820,12550,22257,23460,28413,46272,49223,53280,54111,61840,65640,78948,97915,97940,98031,98044,98047
4415,6402,11668,17806,37779,43455,47975,50259,54327,59423,65698,71993,72016,72028,72111,72118,72137,72170,96220
490,2290,10993,14022,21720,34092,41593,41708,41806,50187,76456,78370,81269,83255,83305,83372,83373,83394,88305
4612,7484,15448,16516,28972,29310,30443,39516,41219,43867,58100,71602,79612,86525,86539,87019,87093,87116,99007
1759,2843,7904,23846,24015,28644,41068,49009,49548,51720,61616,63188,76242,76252,79720,81199,92753,92766,95908
2944,3158,16448,24815,25839,29430,30922,34689,41032,48800,49306,66574,86804,89842,89848,89850,89878,89888,89933
6658,13023,18380,20162,20524,22387,25494,27835,35512,48475,52918,73146,73483,91268,93630,93634,93646,93662,96163
4805,10067,10990,21472,29633,29831,31728,38937,46471,53457,55101,57962,67238,69073,84667,91943,98818,98880,98927
13146,13817,27437,30155,32976,33085,33634,43095,43386,48319,51008,55963,61325,65891,79808,83700,94392,94427,94436
158,787,8786,13632,33314,33895,40010,41707,44583,52422,61776,70217,73175,86834,86979,86980,86997,87001,90747
7399,10203,13771,15516,22329,24179,27515,33713,33848,34353,64301,68848,72486,89241,96181,96196,96623,96647,96651
2136,14827,14857,15428,15868,28160,28839,33898,43201,51293,53639,60604,68820,81902,96747,96794,96810,96822,99355
6165,7046,15609,21683,28455,28920,34005,34677,37011,43789,50203,61625,80491,90534,91912,91939,91971,91980,91985
421,7936,10926,12405,24297,34176,34953,36346,48598,53968,59229,60028,71181,82116,89299,90951,92077,92087,99006
3506,7547,11654,23621,26097,35375,43184,45536,46703,46758,49727,69567,78451,79796,79836,80140,85642,92409,94451
2092,3055,18136,19732,22842,24196,24656,29901,41305,48330,59382,69949,70199,81333,85648,99776,99814,99815,99839
16310,17281,18500,19511,23684,25741,44442,44448,44460,51758,53071,60558,65495,66641,88898,88923,88926,88937,92416
11389,19195,27976,29547,33509,37251,41937,46785,52300,59994,61264,71375,71464,71468,71483,71485,71506,72928,77144
531,6167,13062,30156,33823,35564,41239,42047,59390,63584,64530,64814,77816,77822,77847,77870,77900,77913,77925
3340,4952,6791,11041,15413,17443,26464,38900,50811,55728,60002,78678,89622,89626,89652,89655,89704,89709,92469
1023,2644,6305,7834,13759,21227,35349,46597,54952,59324,76877,83146,83160,83191,83194,83221,83402,85583,89212
2986,8193,19647,20173,25500,28485,29805,31266,58065,63292,64270,69607,75271,77894,83535,83567,84034,84957,89453
1188,7667,10937,11897,12184,30234,33556,39720,56796,57975,65350,72932,83750,83791,83809,83824,83862,86040,94488
2555,17995,25305,25963,28791,28984,38996,40719,41192,54740,55165,57641,82955,82959,82962,82963,82972,82975,84168
3027,5283,6182,6635,9478,22878,27697,37691,55326,61430,62512,82209,85250,88800,88810,88825,88828,88836,90303
340,984,10246,12332,18307,19537,32310,34417,38675,55363,70249,77411,89741,89746,89748,89750,89774,89811,91259
1297,1816,6832,14802,16885,18235,27563,38561,39241,43260,72655,75408,90334,92151,92169,92174,92201,92203,92213
805,2612,2835,3227,3607,9904,18480,20225,39819,55005,75585,80062,95333,98454,98469,98473,98534,98571,100000
885,7630,10812,14245,21513,22297,22792,25357,42995,46681,48994,50024,59688,74419,75204,89337,96708,96724,96840,96855
2499,5426,6550,20652,23620,32620,35173,35187,53327,58244,59389,63373,64521,67525,74090,74107,74112,74396,77157,98032
191,3847,9362,12369,24274,30768,33629,35264,39607,40225,42382,54558,64136,76079,88389,88390,88424,88428,88451,91227
4813,9241,12738,15980,28587,36928,41017,41102,42866,46951,47287,55279,56131,58312,83702,83709,83714,83876,83882,83885
12636,18323,18812,19325,22500,28153,29130,37810,39487,48109,52028,54180,60139,62112,62121,71853,78983,90652,93705,99942
475,7479,9979,13661,14039,24252,30002,33539,35821,44986,50737,61475,61611,78871,88581,88849,88852,88858,88949,88984
1393,5661,14836,17814,19189,22379,27704,29751,30104,34767,46802,50426,79901,87406,87521,87536,87546,87575,87602,94087
7726,10495,12814,15342,20528,31489,31632,34083,43271,50093,61558,64720,67865,69032,74906,79282,79286,79487,79505,86886
14260,15668,16681,21297,31190,32424,32440,38405,48625,56604,58546,69601,69895,69900,69901,70899,70902,70917,70921,70924
2577,3698,10149,18250,25422,31060,34764,36866,49004,49154,67037,67337,71661,71662,71704,71716,71726,72761,75184,98268
940,5976,12170,15488,24884,34123,34871,39753,40065,40955,56860,59551,68810,78305,80951,81022,81058,81065,81416,81737
269,12770,14034,14166,20541,26847,27076,29822,35016,44635,47808,55431,70405,72736,80147,82935,84214,91501,91991,97656
640,1865,7162,14246,26931,27104,29795,33281,38320,43467,45138,54367,54381,80231,80232,80591,94020,94056,94585,99588
15757,20696,21441,27571,28683,32531,42406,42464,46932,47138,50594,55696,60179,61482,67932,70786,72390,74855,75849,84618
8285,12201,13061,17362,26394,26462,27678,29913,31872,34202,36543,43127,61784,69436,86721,94964,94983,94990,95005,95017
4422,10145,18550,25239,30056,31004,35300,38166,39098,52400,52751,53266,72410,73365,77259,77277,77282,77315,77346,77349
1179,1440,3307,8794,21075,22099,22900,27254,32730,45168,48968,59184,87912,88021,88027,88102,88212,88213,88224,89191
3066,7378,8146,8167,16167,30066,33584,39821,42381,56018,60550,63418,63766,80311,80334,80344,80376,80402,80409,85296
5140,5256,8366,11446,15677,18535,27696,37709,38647,43924,44402,46887,49429,55497,94144,99399,99420,99451,99468,99507
443,5518,5621,6872,9606,12607,33607,35023,39156,42093,50411,55953,79990,84106,89508,89543,89568,89569,89577,91229
10158,23310,35038,36719,39583,41871,43971,47134,49783,51725,51781,51844,51851,51856,51862,55408,58996,65965,87765,93380
2071,3888,10017,22014,25978,27595,33820,34385,36134,36323,37181,44934,60753,69530,79081,87920,96866,97079,97215,97216
5646,7278,22196,22948,37049,37207,41659,42957,44017,45036,45220,51277,59416,63604,65201,68880,79621,86873,86942,86973
1857,6083,11476,13221,20733,23994,26145,30906,40015,45900,54446,66601,70321,82781,82787,82790,82938,82945,83119,90942
705,2824,12785,17005,18548,25110,29578,29677,37172,49480,54867,60807,60903,71982,82803,83918,90324,90370,90567,90575
3191,6251,17196,24334,28522,33048,34653,37244,44758,56558,57640,57678,58887,61997,62334,75279,76499,81088,87462,95381
4327,8747,8864,10156,16000,34665,43612,47238,47507,52919,57954,59407,61793,69473,78232,78259,78262,78275,78294,86016
13223,16313,16575,18523,20203,26703,28162,41153,47952,58036,58434,61420,69391,74590,74599,74616,74738,74754,74763,75852
4531,8057,9579,9747,23745,26068,42107,46042,50898,53657,55884,55997,61397,61422,61674,73344,79844,83399,96223,96385
2478,9856,18337,22365,26225,29323,32779,39865,41808,43954,44895,56686,60808,61441,62233,89323,89325,89368,89460,89471
169,4459,4895,14943,19058,21396,23194,23694,40941,52623,58050,59109,61801,64263,71337,84280,98686,98721,99187,99194
2561,2728,3385,13234,22977,25725,36718,40388,48699,52043,56196,58948,62736,78602,81928,81935,81937,81971,81998,85291
152,6260,18200,20363,32460,34834,35971,39662,39700,40313,48516,50073,50339,63653,65901,77633,82231,97258,97533,98948
1756,4066,13219,21961,25060,31354,39906,42911,49314,56162,57198,66862,68717,68922,68928,68946,68968,68993,88271,88486
2923,5728,9552,19985,20365,25726,42078,50123,50809,51267,57129,69401,71048,71058,71111,71152,71157,72976,79400,87012
460,14538,15073,15788,19560,20444,27359,34358,37486,39095,61302,74256,74349,75217,77358,78134,78301,79509,79899,97514
4524,7545,10395,10434,25136,34734,37487,42998,43239,52311,52360,65419,67286,77641,77694,77706,77719,77720,77730,79922
3215,4964,9617,9871,18309,22464,38103,42588,49875,55493,55603,64037,73081,78038,78061,78075,78124,78453,79531,82498
1350,3162,4600,8191,14812,30254,32950,33721,47167,50241,51028,62505,66301,80623,82655,85193,85219,85225,85236,89567
4944,17739,18263,30430,34356,35897,36164,36797,39584,41071,44890,50117,54079,68528,69471,79593,84483,84519,84536,84539
88,3079,3510,12238,12691,14214,18424,19683,51693,70062,70106,70159,70180,70190,76616,77584,86219,86570,87728,98966
7205,8469,9735,14476,15394,19937,37403,45259,45490,45500,50527,51099,62567,72549,78917,83614,87918,87957,87990,87994
8975,13225,14210,15431,16249,21630,27293,27557,31314,38645,45384,51610,68384,88103,88141,88145,88157,88166,88171,91210
4372,10765,11963,13469,14477,34365,43323,44011,52456,54169,54234,54249,56297,70826,72229,72409,76617,81015,88378,90376
3644,7216,9145,13600,14482,22588,28729,32955,34441,48055,49420,51285,64596,71788,77526,88536,90047,97220,97271,97456
2303,2511,15348,17536,20898,21634,23894,43737,46574,59136,63767,65423,65448,66279,67269,71354,77768,80168,92666,96287
2498,3031,16227,20266,22573,24709,30484,37303,48937,52463,59225,60908,60964,60985,63110,67868,90544,90580,93593,93732
9822,12509,23252,26498,28612,28863,29629,30220,30322,31301,38841,41110,53680,54991,90438,93836,93859,94064,94072,94081
2715,5441,12436,13418,20443,21766,28833,40116,40263,41451,43388,48749,57902,58166,92953,93929,93973,93975,93985,96098
5721,8828,9276,27007,27751,27838,36051,48990,49889,50583,55726,56046,56053,58062,58093,67143,74362,94103,94141,94337
1956,5113,7781,16063,25566,29502,31061,31591,43581,49556,55922,59821,69230,75060,75163,75186,75215,84243,94166,94224
4620,16100,17887,25208,28787,29438,32535,36885,40359,43335,43834,47752,47955,52392,71301,84335,85486,96100,97819,97872
107,9231,9940,18475,26048,27550,28850,30158,30603,32975,36214,54438,56953,59833,66543,70446,72493,76110,95776,97553,99704
214,3140,3764,17609,20381,22191,32226,32776,34271,38046,41156,54415,55401,63510,72635,78264,78292,82451,88497,88862,91899
622,1143,2015,8811,14223,15445,15867,16019,21289,46092,46888,62272,68088,69177,78157,81700,90393,90424,90426,90444,90505
1342,4181,7239,13656,17093,18774,24685,30892,34113,39601,49122,54857,62572,68274,71259,72878,76333,81090,84710,89711,97618
1483,7551,13654,14847,19987,21300,24187,24236,33361,39888,41041,59345,59969,67774,80944,81458,81484,81516,81748,81781,82446
1602,10077,12677,16192,18789,23129,26389,28613,37992,44155,44973,48478,48616,56327,58340,59032,76854,95473,97033,97067,98192
1645,1685,11844,15143,23504,32263,38435,41210,42732,43044,44495,46284,57256,58841,63989,63993,65227,73800,80059,96868,97683
1879,2253,3152,13790,15123,15770,19268,22271,39256,39523,48115,52643,65658,68389,68740,68758,68797,96406,96675,96744,96790
1275,2193,5800,15890,16412,21416,35095,35721,36302,37023,39595,64465,64495,64503,68557,68651,76091,79694,86556,88340,91926
2237,5286,11673,15848,18477,18684,27249,29497,31748,42128,42770,62358,63730,69249,69593,72660,78540,80749,80768,88101,88655
1345,2419,7077,7836,9388,16963,19908,25713,37841,54386,56692,59891,62091,73283,76687,76716,76726,76735,78819,85520,93964
3082,6638,7404,9342,19731,29469,35088,39415,46833,46848,46874,46929,47155,51755,58045,59706,76534,88604,93282,93546,93720
3347,5822,9210,12877,18187,23410,26201,27682,30209,32616,52444,53800,57846,60413,70524,77559,79963,84456,84457,92973,96004
3593,5446,10219,18192,25048,25966,27655,29487,38054,42521,48685,55521,55811,62340,64939,69346,70090,77415,85132,90768,93772
3623,4621,5329,13370,18225,25933,26754,29110,30145,41073,46793,49856,60203,69408,70053,75031,75034,87132,87628,87891,92788
212,3815,12921,27708,29080,31668,33318,35431,35660,45310,48327,50938,50947,58415,65941,68894,72425,74643,76251,85877,92219
1238,1502,1532,1559,1760,1948,2653,3050,3604,3832,5043,5915,11263,17296,18304,21955,23208,33726,41693,55864,99260
2575,3862,11118,12105,13562,24863,33637,36883,37611,40196,55687,61680,63212,64463,66255,67794,79702,79730,80331,81800,82934
3582,4423,5084,8263,18780,24909,25064,31702,47676,48380,49387,57973,65646,70411,70719,70787,72339,74324,77128,79622,93801
4495,7377,10979,25674,25988,26243,28143,28464,31032,37840,44569,44623,51737,57182,60477,68486,74945,89209,89276,96621,96640
4341,4690,9988,16595,18259,24719,26121,29632,32227,34922,47009,48996,59220,67403,74181,79639,83999,84010,84011,84013,86025
4724,7874,16299,23139,25474,27813,31499,35681,37670,45362,46064,54112,55087,62026,62410,63833,63851,70973,83465,85196,97448
799,4882,5515,6112,18065,19035,19676,23769,43620,47402,47819,50865,54753,61168,62392,75874,87754,88719,90893,95440,95448
4925,5855,10709,13097,18470,25716,31455,36190,38246,40579,50063,52258,56346,56418,56585,71625,73329,82817,86111,93337,95869
5331,11945,12594,14393,15536,17436,22596,27899,29609,31630,47732,48197,48389,64003,65019,71736,87943,89853,91191,97990,98978
3058,5452,13278,18872,21473,24024,25178,28029,34609,54157,59428,59792,59824,61510,64751,67580,72326,75677,78378,82364,90240
5703,7980,12235,12651,20435,31278,32523,34501,35466,45071,47125,48985,50611,60322,61906,71288,78900,84172,85007,86914,86927
4335,5724,6129,15101,17077,18536,18793,20855,43065,51958,54102,62708,70461,70506,70520,70548,70552,70628,72359,87045,98998
1463,2928,5060,5360,5764,7954,16484,30098,30629,32942,48374,57221,58198,73741,80448,87293,90160,90161,90169,90222,95331
2196,4349,5956,12920,20850,23475,24131,33904,37612,42006,43642,45428,53441,64337,64360,76221,80108,81020,92785,94589,96670
1556,3477,5187,5779,6137,19559,23186,24533,35743,43050,54702,57924,65189,67259,72477,73864,78211,89528,90860,90882,90897
1277,6208,7417,12938,17261,20945,23019,35494,45897,46056,46065,47536,49839,57699,75649,78339,78930,81877,85304,86548,95702
1542,6798,6808,16278,19601,21774,25730,34143,35835,39315,50167,51133,54085,57275,71374,76311,76437,85969,87044,88312,94069
1960,5159,6962,11586,15621,28365,28567,44541,47344,47737,56672,59926,62105,62122,63988,69959,70529,74668,75552,79933,86704
3465,6974,12984,13802,14412,26734,29903,33511,40178,43240,44210,45849,49741,63690,69474,69674,73088,79480,87633,95898,96060
4867,7237,20089,22592,26585,29597,31513,33012,33220,40630,48670,53483,53937,56814,60699,63122,65771,81921,81987,89281,94973
3068,7528,10666,16218,17881,20134,44551,44873,53590,53672,53693,53701,53974,54107,54814,59908,60596,63558,81593,94150,97725
7631,11150,11505,12341,15513,19326,21086,26376,30388,32784,46314,56032,58126,61228,70208,70400,80068,87336,89295,95871,97022
2206,2905,5400,6223,7650,11890,17754,21505,44818,51452,53954,54206,63486,63487,63507,72882,82357,88841,94441,95511,95525
8078,8392,11976,14014,18466,20268,27125,30423,34854,37745,39630,47416,47972,54001,69422,79629,80806,87615,92465,92486,97217
4969,7549,8273,9269,22922,27166,28739,38012,40920,41530,61062,64430,65064,66833,66847,66871,66876,67009,67328,83055,95276
5447,7084,8302,10510,15171,19650,22555,42857,45958,47645,48523,53710,61954,64383,67073,67742,70332,71268,76031,96792,97013
7037,8601,12974,15778,17207,17519,21952,28616,29919,40975,47789,51984,60631,65163,67317,84051,84056,84134,84144,84154,85999
5024,6978,9010,10504,10768,12723,13214,19686,38790,42231,47885,67553,71479,71499,71508,74817,75122,82208,85597,85985,97419
9016,13680,16627,16695,25516,27828,39764,40029,41002,42590,49657,49777,49972,51001,51690,63541,72862,75505,78392,91534,93322
2806,9438,12833,13551,19986,24791,28844,38144,39445,39856,42552,46011,63217,68137,68915,69288,69295,74196,84978,91851,91866
6211,9186,9640,9683,10452,29927,31290,33437,37578,39365,44759,56647,58387,58694,64224,76184,82338,82367,82380,82402,94849
3233,9832,10905,13549,18797,22047,23244,23839,24149,28274,38116,42303,47535,50580,79949,93331,93469,93496,93509,93524,96319
9910,13193,18022,18946,20167,20820,25050,26239,31039,44243,44912,47999,49820,52636,70949,72352,73474,81187,85138,94698,99206
4414,9716,10114,12661,14572,17503,17811,34326,36781,45609,45975,49577,51191,66001,69027,71264,79548,86044,86387,95737,95742
7476,9946,10558,23377,26453,29663,33245,34584,40660,44809,45873,47356,48946,50163,50211,66866,67151,80614,87910,96699,97440
2946,8807,10572,23270,23896,28573,28859,30039,35554,41054,46339,47678,51575,60966,66920,68424,70061,85148,89080,89723,90516
8056,10675,23666,24737,27907,43406,44724,44745,45529,47496,47710,49693,52459,52713,53278,54300,59881,61416,77457,79269,90883
1044,1872,4560,10806,16514,19257,19919,21574,34980,40526,43723,55682,60564,61650,81107,81109,81133,81138,88892,96874,97076
7427,8444,10597,10829,14840,24070,33213,35257,35657,40879,43035,43941,49826,60551,66747,72311,74527,78092,93982,96611,99164
950,7157,10853,11219,22825,23312,27201,35418,36608,39409,40798,41018,59672,65781,70855,73368,73963,80307,92058,92187,95041
7065,10330,11371,14997,15779,19591,21814,22803,30818,31369,41585,50277,59940,64928,66527,73041,83869,90936,91147,92413,99400
5738,7509,11737,16814,23459,28990,30470,34830,35862,36262,44487,45894,52521,64857,67145,70398,73845,87185,87186,87206,87605
7880,12102,23654,25624,25656,27324,31874,37367,41828,41838,41865,47268,51080,59084,64660,69243,72242,72587,75694,82946,88184
10178,11620,12259,16801,20657,20900,22167,23916,26674,26975,42639,52672,54935,57814,76157,76305,83246,83328,88448,93633,98676
995,6489,9031,9725,10283,10740,12451,16246,24515,42638,53880,57379,57712,64798,65994,88595,89727,91686,93709,93752,99655
4094,5854,8110,8752,9900,12599,14931,21233,23600,37258,43947,49680,60510,77799,77950,80636,83980,92902,92934,94986,98345
1406,4987,12699,14424,15006,20720,30477,33941,36464,47277,48654,51446,53231,53260,78966,78970,78975,78999,79627,83609,96862
12844,13444,16202,18108,19283,20452,20616,36533,37467,40779,40960,41216,46594,49554,66162,80980,81491,81738,87718,91100,96759
56,7204,10930,12951,17181,21007,46705,49778,49811,49878,49886,49924,49936,52481,61496,68184,71001,72838,77640,90526,90587
880,6139,12566,13002,14555,17890,24180,27954,35488,40398,46140,58460,63430,67055,67846,68648,74217,76351,92285,93673,98843
1527,3334,13106,19909,20609,27501,29435,36547,43544,45298,45621,45715,45842,45861,64124,80021,80933,81385,83883,91473,94332
4834,5427,13175,26924,27245,27703,29256,37353,40565,44707,51504,51820,55415,60088,60587,69933,70429,71964,73090,78033,99948
606,7138,8441,13266,13880,27101,27773,30780,41945,42365,44838,51127,56433,56943,61986,65860,83135,88805,89117,93320,95141
10749,13232,13729,14983,20317,22280,28885,29755,30448,31370,34397,50988,53781,59910,59911,73293,85088,88475,92651,92802,92956
13824,17204,17812,21161,23154,31771,32663,35508,39918,44190,45045,51653,65253,65746,65752,65754,65767,70986,71610,74012,81217
2497,5716,13837,16988,18653,19122,19665,28935,30982,33114,38440,43359,47239,70784,70996,76510,77693,89650,98161,98674,98985
1826,4035,5050,10816,13930,21296,25903,27911,33045,33953,36774,36901,46767,57088,60471,97327,97343,97366,97383,97406,97409
1061,14116,14936,15475,23084,27957,28051,34587,40040,41006,51801,53047,55366,55381,55451,55453,78412,79038,79078,98229,98431
3062,14528,20925,21583,24925,25180,27977,33375,34714,42762,43468,45282,49884,58362,64731,64809,70143,79649,87607,91472,95562
10885,12447,12773,14661,17604,18012,27081,28290,37717,40869,46141,53775,55187,62314,67170,67229,72630,73109,88874,94009,99223
6422,8182,9799,12004,15285,22601,23570,30582,31317,32251,44204,45419,50582,70158,75616,86546,86566,86777,86798,87013,88308
9573,9866,15388,15595,16457,19687,22189,28994,31924,39243,42999,58378,58457,65348,70652,70696,71025,76867,89729,92150,94783
1625,5285,10126,15498,15975,18647,24661,24756,37782,39457,42422,58042,61393,64399,69150,72434,83752,83753,85008,89780,96055
638,15635,15798,17863,22385,26445,27083,32582,34421,41395,47694,50921,60640,68158,70730,75158,75200,76641,78655,79218,82740
2919,4534,8087,14818,15669,15910,21524,30573,38329,40986,55478,59003,63144,64248,68479,82193,82195,82200,82202,82215,85294
12180,13270,15153,16120,16825,29125,31882,33341,34813,36114,36351,42286,59369,60464,70640,73281,75709,75833,84817,90009,92418
1954,4455,6515,10247,16222,21422,34444,41143,44811,45892,50740,52138,59070,60707,71256,71280,72742,73924,78587,85188,97263
3913,12784,14352,16733,17628,25080,26400,33597,37886,49808,54649,56090,59859,68545,72388,72389,72445,72447,72453,72631,87923
9591,12292,16439,17021,20265,29681,44638,46555,47861,48734,49186,49211,56052,56062,57923,60546,61113,71484,74277,79665,91404
392,6425,14716,16874,17264,18787,20257,37675,47889,49393,49668,57747,60802,61028,63328,64491,80216,80234,80236,80242,92336
1444,3462,11618,14436,15407,17510,29969,34281,37183,45554,45750,57469,63789,64095,65667,68350,69059,75618,85820,94977,98542
10332,13457,15108,17582,19419,20600,23737,24201,24952,30261,34809,37806,45179,57061,63416,84878,95404,95405,95414,95434,95545
2517,10090,12535,16487,17798,21267,22723,33599,34611,35596,36453,40114,56060,57513,71765,78241,84359,87072,88008,94770,98422
5677,13776,17899,18193,22705,22920,24370,24412,38871,56784,56800,58066,58127,58160,58184,59156,74163,74171,79212,87351,91003
13274,14368,16719,17965,18776,23696,24161,42427,43829,43923,45185,45525,49294,51063,59701,64959,72681,76295,87645,91798,96716
3366,15116,15449,18083,20472,25997,27786,34078,39953,41903,46806,50182,57963,58058,59115,59812,61897,79541,88677,96586,99160
1980,7779,10318,13696,18097,23680,35186,35384,41873,43041,43199,45222,61637,75330,75344,75395,75396,75398,75421,75827,90797
7019,14485,17051,18322,22011,32013,32903,33731,37462,37518,44647,46823,49766,57127,62348,78348,78368,78391,78402,78410,94855
1165,9040,10444,16504,18371,23539,34418,38625,42502,45922,49056,52271,55021,57919,57932,61689,66008,84711,86009,89981,98873
7744,9091,14759,18137,18452,22137,37537,40474,44728,45238,46074,53475,56933,60776,63180,69977,72872,73058,74951,74999,95408
3482,5191,11239,12525,12861,15214,19308,21697,23834,29953,31382,60251,64506,81531,86575,86714,86727,86741,86746,86757,86766
2032,7961,8670,14125,17533,19350,27452,27497,43919,46918,52928,56029,60939,63350,63474,70316,79223,80763,82395,85102,90024
6194,10729,19147,19431,22538,24574,26966,27747,31757,34141,55927,59609,66160,67339,70019,70191,70806,70837,75774,82902,87212
2139,11565,17740,18474,18846,19500,24822,26775,32897,38414,50992,67003,70562,70992,70993,71016,71208,71209,71216,79650,93987
718,3869,14576,19506,27600,27920,30143,31095,32496,33152,35480,47161,48394,76743,81563,81570,81585,81595,81606,81609,81619
539,13362,14871,15545,19598,22336,22636,29634,32012,32259,42318,44746,56333,63442,66107,75333,84652,86453,88760,91989,97075
7839,8388,11508,18183,19627,22943,32430,36369,44977,51630,51662,52887,54387,68414,69606,69645,69715,69718,70928,78359,90785
3322,8912,14155,17068,18935,19862,28902,34835,41529,43262,60336,60383,60386,60433,60445,60491,64695,65211,83557,95909,97372
1499,2445,4760,19970,22210,22457,23473,28766,30830,34402,43140,54377,57190,76635,79295,79360,79401,79432,79444,84400,96514
4668,5284,13829,15338,20039,29481,31051,31572,42045,42608,43803,44220,46148,48363,75057,75245,75274,75293,87149,96579,96954
6811,8377,8716,9075,17958,19239,20377,21751,27857,34040,44358,53581,53595,54394,82581,83524,88480,91271,91296,91321,91398
1585,1935,15672,20475,24968,27224,27925,30613,31730,32939,41434,58151,64542,64610,64658,66685,68196,83661,83686,91760,97551
1357,1801,3905,6848,20488,28084,33208,34098,36666,39397,57020,60628,66304,67941,68045,68061,73564,78307,80018,83195,91065
4216,5580,9312,20874,25581,36681,37711,38156,44983,49252,52221,52535,54779,55243,57455,57668,58431,60879,87774,94159,96510
14510,14748,18579,19459,19596,21103,21159,24104,36138,40677,43928,53627,54461,60090,61006,65472,71857,80260,81668,98712,98846
234,5750,7045,7736,21397,21929,27481,34318,37319,43557,44696,56398,62439,65911,66397,69160,78693,79940,85393,91436,92771
11484,13651,16702,17033,22120,22326,27365,28762,40908,50423,55733,57486,57548,57550,57584,57606,62527,83045,86275,86313,87559
4070,8066,10159,16443,21585,22577,23438,26550,29276,38667,39281,42673,65001,67665,67747,68981,81529,91550,91559,91568,91615
3015,5393,7568,13926,22695,25744,30633,31514,40239,42941,46672,60367,64264,67812,69047,69099,69114,73143,77984,85346,93484
5989,6812,18644,22931,24111,26979,32940,32957,34294,36844,38257,47839,57741,63540,65071,67314,73848,80064,83005,88844,91976
3628,12763,14177,14551,16574,18832,21653,23076,33829,34439,39199,50155,56839,57110,65820,86245,88792,89832,90432,90885,91169
5900,19505,23480,23726,26192,29873,30199,32289,32332,33809,38974,45424,48079,52666,58531,59962,63016,87413,94257,96934,97439
3119,6468,8325,11491,11662,22564,23494,30693,40070,49095,55410,58479,66226,68205,68971,70352,70415,75620,80618,83477,95246
1418,4626,7400,21793,23908,24939,36427,36697,40476,46786,48041,50979,58816,62589,63384,67241,75669,76717,80363,80405,91326
3784,6666,10620,11611,24002,30973,34021,34235,37862,48019,50301,50317,53208,61518,68324,78931,78946,79118,79159,79175,79210
1975,2295,10565,17854,20137,24206,24938,37534,37749,40642,42048,42301,58835,61521,61595,76799,82971,84042,84728,91739,95526
3676,7751,8612,15324,17213,24405,30354,34710,35760,35979,38714,44337,49986,61266,74851,75687,81141,84354,86639,93526,95715
3553,11720,13544,17924,18427,20072,24985,25109,29915,44007,44435,46733,55441,60941,61465,70479,84160,85760,87259,95494,98577
857,7007,11881,21072,21291,25094,25810,28025,32801,35457,46104,64685,67985,73477,73496,73497,73528,73555,73598,77135,93645
1476,6565,7645,24700,25331,26220,30050,32648,38932,39352,47579,51098,53488,62674,67432,69889,70299,77521,83107,91537,92457
48,1488,4768,18572,25637,27700,31848,37480,38662,43603,47421,52486,58583,72987,72990,72991,73001,73051,75022,75836,95826
447,5784,23355,24537,25673,25918,30105,32971,36234,41923,47097,52971,55504,59466,60569,64296,67670,67729,86353,91548,99850
1235,18566,19157,25847,29553,30685,33393,34274,41337,45383,47191,59961,59965,59973,60019,60059,60082,62873,80679,83111,86657
3845,8994,9829,13806,17682,18149,20660,25877,33924,35439,63096,63344,64035,70637,70703,70704,70707,72474,81801,92001,92293
120,5062,6869,15913,25980,28590,34510,37235,37282,39527,53290,54508,56691,56709,71585,78597,78608,78617,78618,78647,83042
3046,7559,8745,16991,23499,26015,34564,39167,43770,44543,47048,59325,60739,63123,63671,64510,65172,70443,73103,89192,95775
3695,4737,10507,13233,14096,18818,20417,26044,28449,29269,33514,55825,58594,66080,77552,79358,91483,91996,92092,92101,92140
329,8508,9588,13342,20745,23185,23963,26078,28663,30358,42580,56096,63712,72133,74902,80022,80057,80074,80092,91267,94306
5016,13327,15274,15808,26081,28679,28749,30059,33702,34156,38715,49609,51259,51999,63240,73653,79310,87265,87325,90927,95847
342,1288,20575,23230,23490,25560,26289,27114,28712,41654,43163,48404,53752,56888,62077,76199,80301,83143,88882,88987,99950
122,2247,8855,13189,21024,25385,26318,31887,37674,37851,47291,54173,59524,68996,80308,80480,80483,80527,80572,80655,82439
4982,8336,16396,26434,26576,29399,48708,52430,52609,52655,53334,53354,53795,53802,53850,53855,66789,66806,68413,77476,80001
5734,7211,19769,21197,26518,26942,30256,34592,38931,46450,49499,50655,56117,60313,61035,66229,66528,71325,85762,85903,89034
453,3558,9901,12910,26676,28576,31610,34975,42609,44521,54799,56743,57079,57124,57184,71122,71135,75593,77876,91731,93825
3994,18746,20631,20679,26721,26753,28559,29486,36293,41901,49551,50192,50499,51617,52267,53572,61415,86899,93246,97046,99933
419,20023,22157,23628,23741,27695,32978,33650,36856,38526,45268,52546,54630,65927,66518,67139,67344,73444,77542,82894,87075
616,5245,14571,15219,15993,17983,26188,27724,41523,42378,53122,60982,61481,61500,61570,61575,65971,84229,87836,94440,99854
2926,5660,8631,14670,19906,20779,27768,35333,38228,39370,42844,47852,55059,57465,63667,63679,67894,95500,95507,97562,99700
580,2914,4960,10971,18730,26399,27820,27893,49581,51686,51962,63500,68347,69771,69890,70460,72820,73731,74348,81684,81953
2238,5383,7086,8952,14242,24051,27978,29246,29720,35167,35191,37395,74387,76677,81667,82001,82038,82089,82299,85029,97164
2189,7567,11122,17268,18396,21592,25384,25808,27111,27998,39715,64560,70679,71646,80849,80873,80877,80921,81786,81829,81830
10238,11204,15165,17130,18510,28320,31471,39135,40741,51774,53863,54937,55360,58508,59463,67070,68912,69969,77780,84885,85565
467,1221,16385,19677,19796,25735,27261,28617,41776,44485,50549,59168,63549,63559,64796,67471,67574,76633,76922,85223,99136
5564,11496,22745,27727,28694,30235,34852,35543,36580,44394,46275,47997,51797,52678,65464,72933,72947,73390,74392,80692,83605
2413,3818,9301,14771,18759,24557,26362,27117,28977,41886,43706,45385,45429,61766,74379,77385,80183,85011,93061,96341,99393
3208,6749,10984,11468,21351,27903,29210,30107,38484,39993,40663,42100,48680,49164,76835,77012,81396,83390,84893,96726,99684
3395,12779,13292,16590,21254,29192,29648,34105,38828,43159,43174,52243,54786,62285,69367,70614,73658,73949,75745,84357,97580
1568,5437,8775,9341,15406,19735,29764,31348,46514,47011,49436,52156,54416,58284,65283,66476,74177,75464,92660,97227,99522
548,16709,18741,21417,30188,30623,33874,36703,39372,43633,47803,48535,57228,57265,62402,64769,69124,75776,76248,83035,86007
1146,9088,11623,12626,15111,15395,20327,29702,30576,50673,56128,56561,58289,59879,61121,69492,73830,75426,96003,97024,99980
431,11804,15506,19110,19864,27589,30659,36980,37757,51511,51998,65205,65306,65329,65339,65565,65591,65620,65625,86573,86638
5653,12316,16425,26473,30822,30858,39591,40692,43103,43110,52929,55422,62161,62217,62231,62247,62251,66655,66969,71694,86181
1657,7488,8906,11339,19685,24325,30930,31026,39828,57795,58579,58593,58600,58644,59459,64032,65427,74736,78775,92108,98068
124,6564,8080,8149,10044,14896,30945,37170,41067,55327,55352,55661,56677,57491,59385,73270,76901,78067,86807,93017,95006
1298,3151,4155,6693,9881,19577,23344,30981,32375,39087,40901,55070,60744,69892,75361,77410,80094,84703,89488,96180,99615
7738,12608,15972,19149,22694,25233,26232,31194,33548,42218,50330,56923,59207,62681,62695,66254,66672,75572,78905,89502,94673
8422,11519,20685,24629,27596,28622,31130,31305,35374,45620,47615,49397,53673,61818,65120,66098,67860,76475,77489,82929,86624
5055,12897,14366,14474,16650,21328,26303,31375,32228,48982,55542,61683,63280,70377,74681,74686,74689,74707,74723,74732,77242
906,4848,7519,7917,18463,25602,31524,42944,43875,45316,47158,48395,51642,62814,69864,73149,78059,78093,78454,84037,99421
2171,4906,8592,15248,16619,18451,25663,31589,33520,40670,46957,63002,63953,66983,73778,75959,77465,79545,79552,79607,95770
1213,20175,22087,29841,30831,31839,32062,32177,33192,34431,34629,36095,44163,48257,63664,71284,71977,76995,93548,94124,97416
4432,7328,20887,22056,22444,25905,27078,28331,32015,32214,37613,44786,46624,53416,73642,78863,82271,83926,86698,93570,95901
1237,6755,15200,15518,15781,17950,23392,28484,32247,35128,54060,54227,56744,63340,64083,75088,75612,88587,88656,92295,95616
2261,5361,5608,11379,16301,20132,32283,34404,34591,41211,41752,42270,55133,62899,81079,81080,81179,81351,81361,93115,95250
85,2694,3619,7403,16704,18486,25654,32482,39200,41854,43756,48742,59284,66394,69319,77306,81743,85700,87096,93822,98657
898,1944,4215,15034,16260,28186,31279,32414,32494,45098,54974,63469,64782,65511,65513,65733,71383,79379,82885,85265,93284
2426,16380,19148,20787,25145,27844,28659,30656,31445,31794,32782,36965,59663,60711,67001,74676,79630,85939,86322,90225,91802
6424,12265,16131,17288,18906,22530,24821,32809,39499,40194,45056,45719,51235,53541,57876,75752,80475,81428,87352,91082,99617
6971,11810,18343,18865,19529,20130,21399,32829,36424,36943,43588,45153,49555,53723,58527,61913,84084,94947,95045,95049,95173
156,3019,6238,9545,17749,20048,32982,49209,49991,50065,50084,50217,50237,54114,54250,62495,66593,75761,98102,99561,99584
367,12242,14266,19848,26540,29389,30150,31678,32495,33156,40756,54115,60575,73934,73935,73955,73967,73970,73978,73979,96705
2865,4815,9972,16731,18005,18621,29428,33344,33676,34388,50756,51776,64520,67008,67809,69609,79893,84025,85825,85858,91076
14701,21179,22278,22360,24899,31450,33069,33617,40059,43459,56816,61315,64186,66086,66102,66381,66395,66404,66407,66418,66419
2259,4485,12934,15410,21344,25424,33695,38450,47100,48160,53045,54065,55957,58743,61486,67570,67923,71764,76342,84725,99119
1552,4210,12531,17664,20047,21003,22917,22972,23780,33870,37521,49688,57212,63798,74747,86093,89307,90251,90253,90258,90326
2296,7468,11900,14869,19751,20770,23803,25731,28165,31553,34231,44953,47866,66996,71495,86153,89490,90663,90741,94378,96728
820,1171,11576,22174,24725,26452,31030,32945,34304,41756,42116,45557,50601,57623,74078,76023,76316,79596,88302,90466,92369
3039,3134,7912,11196,14787,18277,19488,28210,29966,34330,34391,53016,57755,64528,78623,80641,91690,91712,91724,91761,93820
5240,7050,7336,15552,15743,22061,29637,34637,38356,43888,44689,47686,52097,52562,57648,60818,78667,96005,96051,96053,98224
2472,3182,10009,14766,18070,21523,26230,32612,34686,37754,37913,47179,55333,65480,70708,75658,81828,87408,89429,90602,97158
2282,8117,9512,13671,13728,34261,34931,37253,46158,50724,58654,58672,58675,58689,58787,62308,63179,64036,77681,93199,95483
1604,6731,7281,7837,8620,28973,29218,34999,35049,44027,45978,46572,58885,61099,70028,74222,80029,81084,88912,90530,98322
2250,3473,9559,21266,22833,27429,35364,36229,36341,42407,45359,52547,58286,61950,67558,73069,73071,74795,78908,82531,94775
6444,8919,11961,13000,13227,16986,20784,21083,35441,37952,45283,47580,50764,56702,66168,80595,84627,94693,94720,94735,98336
10627,16445,18700,24836,28961,30152,32416,35617,37139,41761,45418,47101,49360,57314,74174,74179,74184,74186,74367,74376,78687
979,16009,16217,22429,23466,32856,32932,34995,35663,36230,36556,48527,50899,57103,61675,63924,72182,75599,92476,93829,95454
1656,8236,9455,11874,13437,20247,24687,33453,35433,35770,38578,42251,55203,58008,62190,66877,96509,96516,96523,96524,96573
1511,9793,12129,15866,23902,24560,26011,33974,35893,39723,41720,43107,59013,68503,74651,75561,75680,75757,86022,87386,89238
1808,2916,9337,10718,19414,27686,28713,33347,34153,36028,46996,57169,61843,64336,64891,69513,70338,85778,88087,91477,95452
2768,3780,21139,21884,25283,25299,28241,28591,34155,36170,38375,46090,47670,54838,70763,77732,80590,82226,87855,87976,98575
6470,9025,9274,9922,10839,27024,31393,36334,37739,56492,56554,63228,65515,65785,71237,72589,72907,73856,74460,74526,74831
109,1836,7235,18236,25119,32820,36436,38802,38873,38967,38977,38993,39041,40256,62019,78298,78595,94951,95879,97276,97282
7613,14620,21727,34619,35696,36679,41271,41815,48805,56400,56439,56441,56447,56502,56522,56529,56539,56540,59886,74021,74889
775,4451,6922,7768,8544,19343,26755,34473,37197,37636,43210,49017,63141,71175,71179,72061,80494,83939,88142,95368,98410
7452,11687,15974,26014,26521,37273,43002,44452,44681,44866,49597,56175,56435,56891,60973,61046,64667,68102,71816,72458,79918
242,10068,13801,26153,35308,35939,35963,37539,37585,41910,46955,50624,57185,59637,60910,60917,62948,64118,72246,94597,95355
2459,9204,10381,13787,14057,17088,25368,26861,31052,38277,52927,54496,68019,68242,68252,68329,77527,87482,87504,87798,90890
649,1087,5095,9758,13923,18994,27741,37762,38902,40491,44118,46444,65634,70176,71866,74075,86605,86631,86665,86685,86699
5623,7692,9779,18319,31316,37492,38244,39025,39367,39878,42657,45648,50539,58481,60292,71777,71785,71821,80202,89719,90344
10520,14850,17422,18170,18559,20119,21588,28224,28714,31270,39377,49366,57984,79045,79751,79756,79757,79797,79815,79858,86058
5885,7121,11301,13754,19808,19822,24346,39450,42405,50717,51221,57181,58979,60593,63565,63611,63633,73558,78920,95492,98638
686,3563,4441,5105,10725,26871,31104,39627,45210,50689,50778,52685,55370,63581,63628,78870,78878,78886,78902,88850,91551
10104,12475,12804,15030,32914,34193,36906,40349,44351,46234,51539,56734,56830,56837,58205,59839,66659,68470,68980,82060,88487
1119,2503,12371,16647,30019,34127,34824,35492,35864,40456,45599,47085,59205,72771,72909,73420,74549,74552,74567,74777,87144
245,3625,4180,11672,12084,14130,22153,39615,40277,40459,47769,49406,57833,59111,69991,74611,78376,88098,92381,95929,98055
9409,14406,17190,21359,22135,30917,34132,40595,41555,42191,42731,45022,49390,56735,59160,71846,76096,81256,81267,81295,81313
1157,1609,3172,12068,16506,16671,32629,33389,38761,40840,41429,49408,51312,57922,77757,77794,78424,81439,92124,97723,97866
78,1530,3902,6850,35322,37979,38343,40004,41186,41374,41608,50043,54548,60576,63396,66449,66598,77363,89677,90133,93041
397,9142,9172,14713,20003,24155,41364,43042,43141,44701,47965,48360,48368,57610,63422,67773,68963,71243,86435,90236,99795
1441,4892,18228,26231,32561,32563,35627,36539,36598,41411,44928,61539,63297,66899,66943,66954,66961,66978,66981,68064,94365
49,10195,13952,19610,22236,24991,37054,41437,41452,41471,41515,41533,41634,42398,70618,80296,82516,83085,87146,88173,88639
3918,14249,17722,18340,24883,30101,37602,41565,48493,51410,51421,51544,51552,52598,63291,66796,66821,67633,68867,82541,88653
5872,8577,10944,13268,13659,26889,28296,32949,41628,42317,47760,49302,54587,56607,57907,64239,81156,87326,89560,93574,93583
2597,6406,10772,19602,19897,21439,24036,31322,36915,41689,46991,48127,57031,57842,67989,73485,78287,81546,87930,90060,96037
3155,4871,8770,29770,31164,37187,40868,41827,43425,46481,48705,52152,57223,59221,59948,61442,67429,74383,76271,76275,79433
220,2558,4436,5794,11352,12523,17262,25292,30931,37189,38848,41946,53790,75297,84474,85457,86496,95812,95816,95858,98649
472,10658,12021,14121,24793,25468,27630,35003,39323,42208,44887,50792,57577,64554,70070,71553,73033,77324,83879,85726,88908
53,1290,18981,21238,26099,26859,30163,34015,35496,42367,51387,51836,53451,60562,62344,62601,70093,80908,82489,89596,98172
12173,17210,24091,24783,25364,29237,31525,32417,37915,40089,42500,48288,52730,59640,70228,70313,70331,70334,72769,78277,89786
547,6033,8772,9577,22073,26748,31160,36388,40425,42509,51409,55495,58701,59315,67965,70210,80259,80723,80726,80744,90221
14642,19725,21186,25641,27633,32693,33873,35779,40405,42759,47637,55479,55502,55529,55561,55596,55597,67903,76751,84473,95636
3747,4362,10133,22899,23259,42789,42791,42793,42805,43016,46126,46342,46626,46757,57326,59787,62559,77703,86402,95061,96717
5769,9679,13445,14099,20919,24000,26111,30508,40782,41020,43150,48816,57498,57864,68548,68719,82941,83057,85964,88555,88556
2195,3125,15070,16819,23781,25371,32172,35759,40848,40849,43441,55850,55970,56006,56045,69550,75994,80352,85408,92600,92795
4054,13828,14281,15944,20279,22996,29047,29660,35072,39150,43613,43831,43882,63143,71222,75863,77974,81316,91500,91507,91838
11448,14689,15961,16078,18691,20522,23071,23638,33476,44057,56769,58929,61379,73183,73206,73218,73251,73266,73289,77131,84748
6664,6824,7223,16145,23945,25926,40118,44234,48325,49087,49141,50109,56913,59270,62519,64698,67377,71623,71644,85619,92596
667,9078,13773,14076,20860,21958,24045,33741,36520,44245,45060,52186,61694,62380,64666,68309,77479,77511,90123,90163,91466
1149,13180,13192,21667,22038,33379,35426,39094,40767,44510,44534,44536,45094,52026,52841,63546,75878,79888,87781,91807,97667
532,1399,6441,10533,18665,26254,37267,39440,44546,48275,58851,58878,58899,58915,61180,65741,68012,73826,84824,88460,89062
10407,13212,18449,21245,21564,22992,24245,38732,38769,39072,39091,45124,49201,55367,67726,68235,71246,81680,82219,94581,96843
4574,6786,15180,17473,22633,27012,29981,43380,45267,54123,54768,54783,54819,54839,54965,55995,62128,74700,83153,84537,98904
6445,18415,18604,23763,25313,27877,28142,30989,36959,38782,45593,49149,52705,53248,60585,74082,74141,74389,78953,85891,95975
573,1229,5796,10363,16985,28536,30133,35084,46200,46656,53864,59366,64471,65979,75864,76063,76385,76386,76403,76458,77206
1877,2343,2534,5391,8635,13758,17309,28060,46318,60530,62711,62713,62821,62896,66281,67223,81944,81976,83827,85626,95227
10,274,2776,22146,22222,24716,32929,42772,46356,47558,50420,52122,54708,55753,76441,76792,76827,76828,76847,78321,83182
2012,8978,11356,20002,21414,24622,30630,36045,43592,46431,51648,52606,53943,65346,66119,69540,73492,74303,74334,84930,88657
358,13369,24935,29824,35445,37045,40882,44474,46197,46222,46434,47245,54092,54571,57356,57875,57926,59781,77317,82532,86120
10409,11823,12893,14873,16024,17769,22606,23639,25844,46566,48700,51667,58327,59489,71840,77558,80548,80665,86439,88319,94002
1301,8928,9417,17032,17220,24717,41338,45255,45487,46666,46743,49970,60330,60697,64230,68215,74428,75032,76529,78055,88410
1715,6273,7184,21996,23117,24551,30168,46673,51194,51699,55339,61867,65085,65102,65139,65142,65167,65181,66674,76642,84092
5036,14536,19196,19979,22730,30587,34576,41119,44138,46940,47456,55773,55789,56767,57884,59153,64461,68982,80600,85695,88603
9311,12439,13355,14112,21043,22742,29536,30485,38718,45067,46988,49745,53228,66153,75430,75465,75483,75503,75508,80669,89020
177,8714,19083,24849,29183,33631,35315,39749,39864,42958,47090,47348,47573,47958,54156,56659,76654,82378,82609,89465,94587
755,4320,10818,16117,16411,17056,23487,25506,30529,38737,47304,54632,57141,59721,73706,80728,82483,87748,88485,89962,94354
1548,2334,5938,8796,14092,21552,22466,44184,47308,53780,58064,58135,59928,60280,62107,64274,76209,77879,82337,84524,94265
3963,6711,6878,14079,15578,22852,26256,29225,29685,44045,47338,55250,63055,76925,76940,77024,77039,77051,77063,77065,95978
4280,10227,10757,14770,18950,32280,44024,45674,47225,47492,52060,54529,55162,57547,62022,69964,69975,69976,70026,76010,87050
1864,11042,18293,26516,26992,28569,31751,32133,34495,37973,40268,47824,51695,52198,63147,69265,74067,74728,90102,92668,94410
842,6881,12311,23353,29625,30043,37729,41526,47454,48010,54998,64963,64966,64969,64989,64997,64999,65038,65051,65067,82189
2248,4092,9967,15515,17216,25311,48245,49255,50245,52288,52306,52314,52341,52351,52364,52406,59845,69100,90879,93102,98610
8852,10419,13491,15674,24702,26569,31567,41154,42506,42535,48304,49993,55229,64138,65278,73445,74847,74879,74882,75951,85585
9806,10331,12204,16522,20767,31659,33412,34525,48334,49330,55085,60694,64489,64780,64909,64942,64953,65070,65636,67204,95348
4291,7846,19133,20513,27883,29581,31142,37769,40328,42968,48410,51964,53969,58252,66671,72471,72500,72526,72547,72571,96665
9219,12062,16101,17586,17747,18861,19266,22071,39565,43332,43762,44259,44378,48469,64870,72777,85371,88316,95668,97027,99293
508,19381,20471,22657,27387,31636,32618,37188,43190,49568,54594,54700,54733,54742,55184,57709,58020,74351,79504,82355,89504
3008,3353,3383,5051,5922,6286,8331,37415,37644,39576,41803,49718,52592,83218,84318,89309,89314,89321,89989,90207,90242
197,4334,8417,9098,9371,13523,21185,22760,31466,33247,34368,49917,61308,64691,80122,84989,91338,91867,93670,95553,98579
14619,14692,15022,16447,20858,30456,39068,39474,41310,43284,43742,47528,49990,57233,60963,62164,71270,77825,81171,86350,86534
1433,6312,6634,12110,13427,21494,33546,37043,40706,44533,48318,50101,58161,66657,73413,80146,80264,80287,81208,81253,82954
3114,6306,18021,19982,30136,30437,31939,34780,38082,38230,40410,42822,48435,50122,66173,66232,81426,82733,83565,90003,97052
2528,5073,6127,18282,19094,21508,22860,27841,43099,48362,50275,54067,55749,56124,74871,77352,79475,81739,82991,84468,88115
4027,4657,15167,23743,26005,35873,36147,37498,37805,41290,50480,50502,60152,66640,68103,68132,68199,68220,70266,71174,95920
5416,11734,12514,18528,21606,27730,38571,38810,42060,44292,44770,50575,59957,60146,60190,61064,72006,72084,77286,88362,92299
3861,10146,17137,21848,24470,30793,31088,49210,49220,49227,49229,49269,49335,50603,50959,55809,69192,71786,85387,87317,94114
366,9354,9610,29644,29860,31949,36847,39311,43330,46787,48735,48887,48916,48924,50232,50625,76731,78281,82543,93086,95982
8518,11260,11583,11622,26843,38360,41824,45113,45514,46447,46606,47620,51135,51465,57824,66155,70060,77392,77455,77461,89743
7374,8701,11100,19357,24723,24988,31881,32171,32224,39754,44516,49669,51261,54360,67972,73599,73834,77264,86879,93298,95075
682,843,7642,12181,20038,21516,29051,31292,36998,38132,44752,45099,51394,51884,63723,75733,86031,91047,96587,97436,97939
255,351,2389,5094,22063,24800,25858,27195,38350,51555,52014,52035,52038,66321,67273,79198,80602,80619,87273,91297,93420
2780,8471,8947,16423,17369,21063,31602,32077,47630,52147,54595,62907,69210,70416,71922,71927,71934,71980,72187,72199,72214
3686,21352,23302,23767,26311,28939,32256,33117,38399,43555,52467,52556,54482,56292,58714,59885,68474,68730,78770,87438,87508
2430,4296,5961,12053,17376,17454,26175,30605,46548,48214,50817,52595,57744,76476,78518,78758,78778,78784,78792,78808,78818
11926,14779,24544,28343,30142,32882,36298,47948,52766,52768,52825,52827,52925,52995,52998,53566,54592,67760,71864,72955,82297
3430,10844,11168,17323,28061,33305,33857,35321,38080,39642,42005,45047,50098,52897,60156,63764,66728,80263,93216,97187,97608
11230,14503,21746,23968,28784,30376,31374,35771,44976,45181,45481,48406,52867,53057,54312,55315,69673,71755,79235,89234,92756
2641,2646,6705,8204,11300,16827,21142,23174,53220,53461,60074,63552,63928,65338,70423,76772,76891,76897,77125,77246,92434
2149,4528,14172,19142,29287,33127,33323,33533,38441,43176,52337,53487,54579,58010,62518,66916,74846,76975,79338,82250,87866
5093,9915,12516,14390,16159,28630,31755,33122,39301,39789,41011,42264,53963,57802,61507,66145,81528,82333,93127,94803,94847
3372,4321,18393,18508,23672,23794,34183,43746,50555,50656,50658,51967,52428,54113,58314,69958,74540,74729,77068,78944,86081
1195,5846,6538,12591,14995,47900,49494,52041,54255,54259,54262,54432,54465,54494,54501,54510,59904,68283,69318,80266,96451
1042,2523,9773,13574,22903,25269,25309,31182,39643,45040,46087,49467,54953,56057,68590,72401,79590,80813,88408,91673,95703
11703,13525,14397,16662,17167,18651,32854,35620,37423,37470,39600,54978,68432,68437,68453,68476,68531,68541,75880,90217,92983
6099,10274,12836,13128,17175,20077,26242,29233,41942,44813,46408,53155,55068,55080,55140,67309,76421,84533,93832,95092,96143
1693,5069,7697,14548,16221,31661,32468,37044,38498,48213,55244,59334,62035,62037,71520,74073,76480,76483,76545,76550,76587
3877,5792,10665,11322,17100,17523,18054,21717,29297,36282,50265,54642,55320,59909,76588,80616,82132,86836,88583,93672,99808
1264,2518,2918,12769,15043,18093,33252,36111,39244,48301,48313,55330,60419,63265,65688,67660,69266,79865,92678,93771,94232
4440,10076,14236,15036,16588,19616,21911,24900,32621,38670,40339,44957,46093,52375,55683,73677,94394,98574,98578,98617,98619
2418,4697,5203,5295,15255,17779,32696,40527,40800,45206,55171,55725,57383,65363,65407,65447,68718,82852,83917,93031,97110
3793,11808,18004,28433,30747,33899,34880,39304,40254,45940,48503,55852,56645,57589,67082,67093,67147,67167,67200,76310,82350
14588,18592,19872,24146,24301,26646,26711,27040,34223,40592,47871,54314,54694,56017,59978,62707,72100,74655,83061,83263,94629
3942,6350,22581,29174,30652,32860,34623,35137,41902,46149,47109,56121,56732,56751,64442,68603,68604,68714,68734,72330,88490
3269,13326,15254,20494,20689,22315,23821,36744,37099,37135,48538,51199,52684,56244,66539,71902,76095,80810,83001,88903,93939
6206,13718,18135,20176,20886,24071,27333,29396,38703,45270,46697,56826,60666,61676,62544,67251,70794,71630,77537,81925,98560
2191,12288,14502,15105,20027,25886,35456,41938,41990,42091,46465,52181,55099,56939,59243,66742,74908,79716,82170,84000,91063
9897,10686,17467,18181,20671,23375,31468,32923,33485,36329,39030,43675,50272,54038,57068,64198,78881,85952,97275,97287,97842
9705,16714,17074,18718,25273,29670,34411,41360,44008,44989,45718,47111,55358,57240,57249,57330,57359,61663,91558,93680,93812
3639,5305,8211,16090,20817,21968,23909,28013,30444,39736,50165,57516,57520,57552,70129,77802,86186,86227,86229,86258,86284
4217,4544,6008,16180,18922,33535,39223,51227,52483,52523,52575,56959,56962,56985,56999,57041,57752,64027,81126,81145,99567
7432,8699,14467,17502,19728,22423,25696,30078,35066,40337,42859,56305,57808,58466,60201,70634,86362,86391,86511,86516,86519
371,4625,11200,17843,18342,18954,19411,24652,29790,44892,47709,53785,57947,71263,73788,75039,75970,81366,87328,89377,96348
982,2221,11850,19049,21314,23242,23381,28141,38341,39132,58710,59518,63782,69420,70150,71059,73786,73792,76864,78367,96899
3960,8079,13765,16308,29898,36763,38507,41010,45657,47477,52369,59044,59050,59060,59129,59140,61261,62531,78045,82953,85994
2593,17356,17766,18577,24322,28199,42299,45239,57060,59278,59279,59281,59283,59308,59310,59336,59346,61968,66666,66896,76638
3338,5974,14036,16758,17480,21521,25644,37753,38552,39420,44784,48365,52342,59650,64920,77137,86428,86462,86477,86478,86481
1150,3014,8821,17279,19391,22617,30365,32276,32881,35033,38087,38088,39181,59825,62853,63974,99001,99018,99020,99046,99080
3649,6699,9278,15075,15763,22913,33181,34528,49747,53172,53173,53221,59842,66163,69326,72802,72813,72836,72863,75638,87318
5690,8551,15079,19279,19385,26528,30265,39492,41005,44120,49171,51439,56189,60132,61460,62341,75987,79464,83736,85036,85651
4633,10408,10868,12044,16530,19995,25472,27610,29774,35053,41750,52970,60183,71033,71076,73084,73144,75329,95760,96201,97083
1518,1723,16852,19912,24007,25911,27014,33211,34499,41928,42421,53782,54070,55861,60121,60705,77207,87776,87915,93639,99928
7984,8638,12161,13697,14093,26058,28385,29144,38327,44679,60732,67379,67427,67466,67479,67496,67516,71523,76838,78980,83998
7342,8996,11793,12819,14523,27273,32020,45279,49874,50388,50482,54230,58443,60796,63607,64497,66361,70117,73809,81007,96344
4325,6205,7888,18436,18934,22237,28892,40700,42899,47652,56575,58515,59006,59224,60945,62919,63000,69887,86722,86974,98065
2037,5408,7708,13218,20621,21979,33691,41218,41966,44951,48082,60811,61074,61077,62810,63364,65452,78131,80204,90597,95601
5188,6977,13184,15800,19198,23795,24477,28852,37094,37095,40851,41225,56992,58815,61151,87797,87802,87829,87845,87851,90182
289,4506,11274,19373,19609,20726,25093,27833,33527,39203,49490,61525,62824,63050,63125,73059,82527,82553,82597,84351,93466
3624,7876,9251,10168,21448,22066,25968,38040,40683,42117,47289,47431,47444,53966,61542,62816,82090,92065,94671,94707,94738
498,2480,4672,8682,10635,28862,30479,31723,39988,40369,45559,51332,58248,60013,61586,64315,67961,97815,97841,97881,99061
2133,4780,6519,10887,11653,15693,24356,27093,32167,40628,51524,53724,61887,62804,64860,73602,77506,84509,94649,99353,99673
2655,3499,13364,19441,26438,30327,33178,35524,40465,42408,48463,57976,61928,61940,61979,61983,66062,73912,77418,88813,92227
2166,4208,7634,14917,16264,17325,30361,32808,46970,61853,62008,62034,62069,62072,62940,63001,65145,65153,71589,93498,95985
770,1263,3199,4074,11277,19851,24247,25453,34788,39374,40219,44971,53308,62331,90638,90639,90700,90702,90720,90737,90739
623,3316,14832,16629,20583,20599,21607,46260,48697,57705,59516,60765,62414,62416,62451,64020,64260,64973,77149,82290,88895
904,2691,8958,15371,16148,18532,25719,25828,30643,31770,39434,58984,61918,62443,84770,84831,84839,84848,84910,86383,90076
5710,10327,15404,15888,23416,27272,31271,41109,41307,42544,44734,51925,53270,54294,62487,64019,64073,81784,85206,87017,96943
1106,5546,6945,14329,16441,19106,23670,28144,29658,41226,57010,59561,62590,63091,71345,73440,75455,82492,84547,89256,95042
1869,2464,9000,13242,22143,28528,28978,42106,51209,53931,62024,62048,62916,62920,62922,62994,62995,69031,78308,78493,81879
14025,17834,17877,22265,25118,25376,27995,31807,35890,40450,43617,60111,61203,61327,63189,64652,69317,70864,77514,79058,90511
3821,5454,12187,14746,15485,25186,35180,39234,49162,58344,63812,63817,63825,63826,63830,63831,63852,63892,63895,70926,95695
4619,13522,15659,24452,24924,32118,42276,46217,48601,48997,49039,50685,51482,66699,66700,66721,66743,66800,66802,66818,80126
74,186,4703,11342,16141,16331,31675,36753,49297,51517,55189,63908,68890,69349,71364,71370,71554,71557,71580,72663,94557
430,1253,2131,12687,36371,36780,40503,40658,42940,45305,49837,52120,64889,68038,68482,68895,68908,68914,69133,79268,82458
6017,11479,12133,19989,22529,30695,31638,39832,45530,52024,52208,55563,62279,64462,64865,68058,68902,69461,69922,74239,78175
2917,10011,20060,25527,25688,29492,33147,34044,39404,41834,45818,46667,50353,55934,65844,73053,75889,75890,75903,75998,96527
10700,11115,14880,18833,21074,37075,37204,37603,47872,51375,52171,57778,60535,65928,66277,66280,66330,66343,66359,68117,76151
7900,7989,8164,8804,9013,13091,27085,36167,45738,45945,46037,46428,61962,67659,70937,82485,82646,82668,82677,82725,83880
151,3092,4176,14600,16056,17787,25724,33176,36052,44217,46279,55956,60481,62120,64826,79427,83464,85705,86441,88890,91380
4921,9656,13601,16173,16361,20879,22956,26221,47029,48285,49516,53153,56663,59754,64466,72773,73198,74173,82641,90106,97475
3591,5557,7256,12218,15616,28514,33480,39901,45341,53018,53042,53151,54518,60498,64262,69595,72887,74452,79005,79042,95056
1439,4711,4962,5517,12521,18082,27829,38145,43137,46614,47658,48281,50579,66181,67622,70393,81423,82896,92977,92990,96043
